date,open,open,open,open,open,high,high,high,high,high,low,low,low,low,low,close,close,close,close,close,volume,volume,volume,volume,volume
,HDFCBANK.NS,ICICIBANK.NS,INFY.NS,RELIANCE.NS,TCS.NS,HDFCBANK.NS,ICICIBANK.NS,INFY.NS,RELIANCE.NS,TCS.NS,HDFCBANK.NS,ICICIBANK.NS,INFY.NS,RELIANCE.NS,TCS.NS,HDFCBANK.NS,ICICIBANK.NS,INFY.NS,RELIANCE.NS,TCS.NS,HDFCBANK.NS,ICICIBANK.NS,INFY.NS,RELIANCE.NS,TCS.NS
2025-01-01,874.8989910757854,1271.8364809130148,1820.134214444306,1210.0172807004092,3956.7657003300233,885.0369805772112,1283.0995501851953,1838.5394729768454,1221.4218053468785,3995.0346315221805,868.80635723923,1257.3978412327829,1820.134214444306,1206.7802092584152,3948.1166038418583,879.4869995117188,1273.8211669921875,1828.389892578125,1216.391845703125,3974.209228515625,7313806,4705399,1838368,5892590,763161
2025-01-02,876.699651347947,1275.26000882058,1832.760612498252,1216.3918076943417,3981.5056356829614,889.6989281059142,1283.4965044573805,1906.236174279187,1239.4994683243335,4042.3878820538416,874.6770036544534,1268.6113589467466,1831.10952423594,1215.1467802555553,3959.2306533371666,884.9136352539062,1280.7178955078125,1901.5740966796875,1236.860107421875,4035.381591796875,18558576,7433222,7083645,15486276,1720835
2025-01-03,883.5569553072743,1276.3514823434055,1896.8148627360356,1238.9518139936486,4039.440692055234,885.6536147489581,1278.1377481475479,1896.8148627360356,1257.0296379589822,4039.440692055234,861.5050553855514,1252.5849166143184,1866.754528958132,1230.5852047154665,3954.7369152564975,862.9356689453125,1255.363525390625,1883.0230712890625,1246.1729736328125,3962.081298828125,24426194,11194997,6218003,15521102,1791953
2025-01-06,858.4463541498661,1258.3406039432266,1895.8923485784164,1248.961727102304,3967.4929881560497,866.8823129474961,1267.9662826986646,1916.288731426852,1256.9797527645217,4010.1587847646483,841.5251154360177,1247.3751652140256,1872.5821967516326,1210.1667191829588,3929.7072462762812,843.84375,1254.4207763671875,1882.1490478515625,1213.15478515625,3957.345947265625,18816348,7504047,7164403,14816766,2085593
2025-01-07,846.063732614296,1256.8024602237333,1889.0935202054077,1217.1388288273843,3976.625573377766,849.0237223493897,1279.0805130186131,1902.2540906114118,1239.5493228115217,4001.171654478945,838.6637582765616,1256.8024602237333,1868.357221729347,1216.3918123612464,3876.7012371685046,845.2744140625,1269.454833984375,1875.3502197265625,1235.913818359375,3892.88818359375,13527906,7539758,4294832,10070505,2669054
2025-01-08,842.7338203435289,1270.7448974492877,1874.5246254427705,1244.0314575822304,3899.266123917583,844.4111600559388,1275.1607754157394,1882.8774057609294,1265.9937909556584,3987.3038778331784,830.4498497882179,1242.7607517198803,1834.460303784991,1240.395953024955,3882.692718168748,835.8518676757812,1254.073486328125,1877.5841064453125,1260.4658203125,3970.29541015625,19738190,7566309,5482050,19346579,2181277
2025-01-09,830.844525028491,1248.3675530849682,1878.4583629543145,1261.9598138402198,3963.144467280376,833.237171528912,1255.0658686519982,1895.74665458795,1264.6988742096441,3998.6591122870946,817.9932112311335,1238.543332692866,1855.6338390718154,1243.0852464738894,3889.989177677788,822.778564453125,1252.73388671875,1862.1898193359375,1249.758544921875,3903.083740234375,40420222,8684920,6833503,12794704,2392472
2025-01-10,824.3571854708366,1249.359870144571,1881.3233976824297,1248.8621307808614,4058.816208833946,826.2811909461473,1255.264262696962,1920.9507009797642,1251.750618829338,4152.555535561777,815.9705474379197,1233.5815917988612,1876.709930393327,1231.0831628192257,4029.824664485132,817.3272094726562,1240.2799072265625,1910.4124755859375,1236.959716796875,4122.25927734375,17453280,7854524,8036913,8120332,7894300
2025-01-13,809.0639234971638,1225.4444532249365,1899.7773306055078,1225.1070543419412,4102.303569240159,812.3939122066796,1234.4250851207983,1925.8070469770787,1240.2963897717905,4177.633454859343,801.3186405131205,1215.5210227528514,1892.9785364775742,1221.5213994754447,4085.295102000063,804.5499267578125,1220.3338623046875,1905.799072265625,1234.9178466796875,4146.85400390625,21669066,9669336,5804152,13764861,4003771
2025-01-14,809.0145872775671,1223.9062438907645,1912.2579998126723,1239.1509590647415,4157.3875499089545,817.0558570637163,1235.3181886617992,1915.1232771204202,1248.3641626627486,4168.887435043552,807.5839134440961,1218.0513958245872,1875.5930733895989,1222.3680125031533,4077.225739296517,812.3198852539062,1230.8031005859375,1884.285888671875,1233.822265625,4090.755126953125,26661432,10342698,5792162,13095266,3441709
2025-01-15,817.2038902170349,1224.551219155373,1891.036010381721,1239.9974688456068,4076.211168766914,820.2625224034592,1234.8716102214069,1901.7684398888914,1251.9995818882041,4113.368853824781,807.2386148292592,1220.5818472942535,1881.420549328485,1236.90982514039,4066.0159976679342,810.568603515625,1228.7686767578125,1893.60986328125,1247.2186279296875,4106.7490234375,14022892,5355382,2985439,9578856,1653474
2025-01-16,815.4032351586193,1235.56627244332,1909.4412763032324,1253.8920943102864,4116.799350676336,819.2019251337407,1245.8866640990627,1910.41253260361,1269.9280238633037,4149.6564346958185,810.4699184801376,1230.1580514277643,1861.7526156669912,1246.3223515830243,4050.9403192872737,815.0086059570312,1239.53564453125,1873.0191650390625,1261.4119873046875,4064.904296875,21212454,11895924,7533579,14117603,2637705
2025-01-17,810.7905598983193,1233.8296138721637,1797.7954209897873,1316.9900509904955,4094.0357045869464,814.2438814190301,1239.4363759086416,1804.5942151264314,1320.7251333812799,4094.7248136224653,803.3905852110819,1208.6737436803246,1759.9164250856263,1279.888232575373,4035.1332207580326,807.4605712890625,1216.066650390625,1763.2672119140625,1297.169189453125,4058.999267578125,23112076,9790533,16409953,29366277,1761466
2025-01-20,802.1572673696536,1214.5286456993424,1770.5516054927243,1310.764916385877,4080.158948884836,819.3991845447669,1232.2419443689244,1775.407886940151,1310.764916385877,4080.158948884836,802.1572673696536,1205.944854354206,1741.6082392029957,1295.0775703121099,4003.689468952198,814.6138916015625,1223.50927734375,1761.1790771484375,1300.2568359375,4013.23583984375,17557618,7676418,4333011,14040244,1287799
2025-01-21,818.0672195171876,1227.4786100806577,1766.7638099629812,1305.2868371165837,4030.4586234318854,819.4485722440602,1229.4632960558952,1779.0016155615642,1307.776892128252,4045.909995207746,805.6352858599316,1183.567432878532,1741.5111463055791,1265.1471016946018,3966.192478882806,810.2479248046875,1186.9910888671875,1748.941162109375,1268.6331787109375,3971.949951171875,31158144,20520898,7169109,14562976,1971591
2025-01-22,810.2479165643738,1191.8038937223043,1755.448693830049,1273.2149526536994,3985.8758020500386,824.8012002853578,1198.2541229556057,1812.1700865447272,1277.7966294698952,4097.2341866812185,801.8859089377631,1182.6743869540314,1753.2633671133483,1263.6530443254642,3980.1675861797344,821.9152221679688,1191.258056640625,1803.0887451171875,1272.0196533203125,4090.7880859375,30619306,10377123,8373913,10273590,2409223
2025-01-23,832.2505181334424,1188.0826742078204,1804.5941442893445,1264.9478840486133,4102.007467712743,832.2505181334424,1198.6511515402387,1825.5247642701754,1272.2686211078578,4124.987859977081,814.6139111249832,1176.9188152937772,1799.446438649042,1256.581275301743,4074.499811787622,821.347900390625,1192.5482177734375,1811.8299560546875,1258.6231689453125,4079.814697265625,34909158,8770650,5907471,8720682,1822998
2025-01-24,818.9305795964561,1193.8878937592276,1811.8786496612856,1260.9638702056575,4039.0213862561122,824.0119199318104,1208.6738293636251,1840.4336089404926,1267.9360243063209,4111.849744585292,811.2839386423929,1192.7963406363526,1810.6645792715367,1238.5533748820974,4039.0213862561122,813.8986206054688,1199.941162109375,1821.5426025390625,1241.34228515625,4086.60595703125,24236200,9216792,4887027,14235970,1910099
2025-01-27,809.6065327196525,1185.8499521739243,1795.6100112127813,1234.1708090151494,4037.053026949849,810.839861804967,1225.1963785798748,1809.4504129219265,1235.515414368934,4090.5425994164957,802.157237088582,1183.9644761399952,1759.9163436470913,1215.1468135462453,3977.0680964596336,804.0319213867188,1218.547607421875,1769.62890625,1224.4595947265625,4000.786376953125,22804166,16164687,7652371,9536019,1551782
2025-01-28,812.5172453545283,1237.7990449684048,1777.3990640797924,1233.0752790316255,4006.3469263960387,830.9185403912116,1254.3215805212242,1809.9361507719634,1239.7984277662488,4037.052887627697,812.5172453545283,1226.535975889425,1772.4456805643415,1213.6528493538253,3964.519830412573,824.0612182617188,1237.3525390625,1777.15625,1229.4896240234375,3976.329833984375,30179312,18066499,6999495,10568025,2468272
2025-01-29,826.3304621132276,1242.4134579383835,1791.9678626583263,1231.0832160878692,3989.8125558722263,829.3644636153648,1246.1844098592185,1834.36322360914,1237.8063647194172,4042.8100387937484,823.2964606110903,1233.5320363858045,1787.5972093347696,1223.1648896668228,3989.8125558722263,827.4651489257812,1242.066162109375,1827.1759033203125,1230.585205078125,4034.88720703125,12619890,7666777,5145155,5928156,1217089
2025-01-30,829.2905374831995,1240.428743300886,1819.3088138415467,1230.635044492625,4034.985771856494,837.6278547525732,1250.203297570973,1832.9548941080284,1251.9996679975989,4064.5107788173946,825.1219089590883,1230.0091418571585,1790.9966681783667,1227.497550840604,3994.2413583605,834.4705200195312,1245.98583984375,1806.4881591796875,1248.0654296875,4035.13330078125,25744846,11921041,7336056,9269259,1531251
2025-01-31,832.3738053097981,1244.8943321590757,1817.2205970496623,1250.8541794958078,4044.9261813577104,840.9824182950722,1246.3828467053002,1842.910279604707,1261.9598488917904,4063.084253880994,830.7457868177106,1229.6122252573796,1817.2205970496623,1244.0314532484974,4020.568049243695,838.047119140625,1243.2073974609375,1825.7677001953125,1260.0673828125,4047.2880859375,15821686,10195417,5820470,6584612,1492943
2025-02-01,837.4305042201771,1241.5699459496786,1826.2533177597818,1260.0673469134033,4047.878571991142,845.0771450539991,1251.6917959101459,1836.2571867836969,1265.495739501575,4070.4158985162953,826.8485640579613,1224.3528194419691,1792.9391783431893,1236.0632421918099,3991.7810571349555,834.1991577148438,1245.936279296875,1798.1353759765625,1259.5693359375,4008.659423828125,5587528,3011914,1701402,7118453,437172
2025-02-03,823.8638327488314,1237.3028281264465,1783.2265984737837,1246.0235355947286,3967.078169136254,832.1518283284162,1250.3521626222068,1822.6110895629577,1251.003645649064,4012.4483582845437,820.6324864421063,1228.3221967826344,1779.7300994439906,1232.6270881824535,3935.38804374591,827.8104858398438,1243.40576171875,1809.741943359375,1240.94384765625,4004.23046875,20276540,6176831,4823228,9252345,1265713
2025-02-04,833.0891713164636,1253.1308244391428,1834.703198206104,1243.0852829885687,4019.042308064253,851.391824544325,1270.6952475836679,1856.2650411997822,1283.6731787459128,4053.6359186488944,828.8219005259823,1250.3522155059911,1821.1056096540206,1241.6409781641657,4001.6718584472637,848.9744873046875,1258.4893798828125,1844.2215576171875,1280.08740234375,4042.0224609375,28616502,14839077,7334787,16691069,2547132
2025-02-05,854.9437515638108,1260.4740215455731,1851.2145472314708,1277.5476050956522,4084.2927757507155,860.4690419690123,1267.966259598702,1864.5207114002724,1285.366353249074,4084.2927757507155,847.9877873258422,1255.462762111137,1839.8508957040453,1271.6212014188793,4011.4644226409437,857.311767578125,1257.9931640625,1842.5218505859375,1273.115234375,4026.325439453125,23675506,6840709,4996744,10112028,1693912
2025-02-06,856.1770794811201,1265.2372940723083,1861.898330498206,1268.6331564996678,4040.3989516054667,862.8370567631686,1269.2066659752802,1868.6971246106148,1282.8763195509282,4073.9591411356755,850.5037655001158,1253.5275985042942,1845.3869733680706,1265.2965071593937,3987.4017048416554,860.29638671875,1262.6572265625,1860.587158203125,1276.4520263671875,4018.107666015625,26760716,8396554,4765255,9956001,2284536
2025-02-07,863.3304057123341,1262.2603567708522,1864.13231412214,1271.073491533156,4025.242909445723,871.7170439392539,1265.2373859141799,1868.405747107761,1278.5933846345008,4025.242909445723,850.997114202158,1239.9823038025354,1835.14021793859,1256.979756005846,3944.5412178627034,854.8204345703125,1247.2760009765625,1848.93212890625,1261.6610107421875,3965.602294921875,23509600,7382039,4126260,8764283,1548940
2025-02-10,847.1984039096569,1247.5735745348811,1850.2432794461592,1259.469777897567,3976.0344720918165,850.2323451556149,1255.3138984101563,1850.2432794461592,1261.461821832557,3987.8444754742677,842.8570616226162,1239.7837061908433,1824.6020890265615,1240.5952102474196,3950.7906859718814,846.4337158203125,1252.9322509765625,1826.2532958984375,1248.6629638671875,3973.03271484375,17195950,5740361,3828734,6970972,1339511
2025-02-11,840.1437497009048,1246.2339539700604,1828.9727506286142,1259.5196705337273,3954.7763343520787,844.090402664855,1252.188012073483,1848.3007750893653,1259.5196705337273,3976.034436359499,833.0890834393857,1238.8410469458931,1816.249316561804,1225.2066396338644,3892.380246485599,839.3544311523438,1243.15771484375,1821.7369384765625,1229.937744140625,3900.794921875,22724704,6586627,4411601,8859714,1810908
2025-02-12,835.2104321766692,1247.5735208959845,1830.8181177592105,1214.5989377224967,3908.225423162638,844.5837329512449,1260.0274734986122,1840.142154487476,1222.0193743195214,3958.0733824566832,829.38909497558,1235.119689428972,1793.9103785152583,1188.6027887286011,3877.765264214856,842.0184326171875,1242.2149658203125,1809.59619140625,1211.7105712890625,3887.60693359375,22809570,8809352,5633947,21131654,1678002
2025-02-13,838.1704689996619,1242.9592342670746,1814.7924102365155,1212.2086229517822,3905.174387520859,845.6937766231139,1256.3061987457909,1819.6486917731397,1223.1150152108587,3921.3638855028084,835.4818356095761,1236.3601292961446,1782.8866642532057,1207.1786632211406,3840.4654117195746,837.5291137695312,1239.337158203125,1790.2681884765625,1211.2623291015625,3848.240234375,12602434,7263785,5237744,8511216,2277310
2025-02-14,839.601120018604,1242.5126718509223,1800.709122375355,1214.1507532507958,3862.855176096314,839.601120018604,1253.8254065127483,1805.8568280246752,1219.1308629852126,3885.4910153447763,828.7971451888767,1234.9212235163006,1775.796375368045,1200.6546072366423,3838.251003000159,836.1231079101562,1250.451416015625,1803.0401611328125,1212.40771484375,3872.54931640625,19959892,10368438,5292961,10298145,1681975
2025-02-17,831.3624591587258,1241.5699462890625,1785.7033698235564,1206.2821918357026,3795.439917114117,848.5304243918573,1248.5163471638045,1799.495162260814,1222.6169765728448,3871.7128572350416,829.413823260936,1223.8069826822411,1769.7747423270973,1199.7084711054922,3795.144618968299,847.2230834960938,1241.5699462890625,1789.3455810546875,1220.02734375,3842.679931640625,12938946,8386151,4428956,8166683,1799806
2025-02-18,845.1017788797033,1243.3065364897366,1789.3456107739096,1219.9775298877432,3836.6762023241963,854.2284140997132,1247.9705000138076,1808.1393973263787,1225.0074896525716,3862.2645420941762,841.697778564227,1227.5779245772142,1784.780634818134,1211.2623373341316,3803.313040041849,850.0350952148438,1233.531982421875,1798.7181396484375,1220.525390625,3811.875244140625,16350910,8135042,4365260,6673250,2149879
2025-02-19,847.0504387449713,1225.3947820253827,1794.2989338566194,1214.6488125132394,3810.891244071504,857.3610822217985,1254.7681118615644,1796.0471240806544,1227.8461038341088,3813.5977032041283,844.8057556604201,1220.8300282561831,1753.9917969230971,1212.706618273488,3708.488624107545,852.0823974609375,1251.9896240234375,1758.7509765625,1222.567138671875,3724.186279296875,11884112,10683412,4611411,6217338,4366672
2025-02-20,844.0904430253034,1245.7378271028595,1753.6518766132701,1219.0810452834291,3701.9440542383145,845.9157460199498,1254.3216187366877,1778.3703022593725,1234.4198079853766,3728.024478919244,831.4118438608401,1237.203701075922,1753.6518766132701,1217.1388510698625,3691.9055992086073,832.2998046875,1240.379150390625,1772.6884765625,1228.0950927734375,3719.560546875,26390510,8398849,2218020,7795582,2888572
2025-02-21,829.2411711352042,1231.5968971791747,1769.4347905187403,1223.8121434284387,3716.312751938317,836.1724445897772,1235.1693078219741,1777.2533326664163,1235.0672403005465,3756.5650823062147,827.4404985932164,1215.173692889092,1754.2830972545896,1217.2882724889691,3715.230072231061,834.9638061523438,1223.50927734375,1762.8302001953125,1223.264404296875,3726.055908203125,15680940,7786428,3379879,6904025,1833931
2025-02-24,829.339781575346,1217.3071583182455,1748.309923055587,1211.7105497558396,3683.8840878009846,830.8690975664632,1222.467414805944,1756.0313630959042,1218.3838481751116,3703.6166814091953,819.4731490892408,1200.9831637697991,1699.9413126430345,1205.68456833515,3611.8923780648593,827.366455078125,1209.0211181640625,1713.3931884765625,1209.718505859375,3617.40380859375,20693646,11522480,7594720,7172498,2508516
2025-02-25,824.406500920576,1217.2079253456668,1694.987890846883,1206.1826029932777,3567.6050003776913,832.7438177754724,1222.2193060560244,1727.3306532632726,1216.1428226711741,3600.0825079673364,824.406500920576,1211.6508286551266,1694.987890846883,1196.7203942992758,3563.9143745152314,829.9564819335938,1214.7767333984375,1716.8896484375,1199.21044921875,3572.0830078125,24138708,11059417,5092963,11552182,4101954
2025-02-27,830.0552335524236,1215.769120615194,1704.748997302386,1207.975493883109,3554.5154128372324,843.9671626938127,1225.3947998146707,1724.8054634563641,1210.166693583284,3580.399049402227,830.0552335524236,1209.1203494513463,1700.7668702151418,1195.8738026303336,3543.6895773387646,839.0091552734375,1213.0897216796875,1713.5875244140625,1202.298095703125,3555.35205078125,35786800,12008162,5757079,11509215,3823856
2025-02-28,831.2638337603047,1206.6891556122284,1704.6034155946859,1197.218393771922,3528.18909122495,857.0404125816553,1215.620243112648,1704.6519072727174,1212.5073065135477,3543.0008511716787,831.2638337603047,1190.9108768010287,1634.0901134127998,1188.5530513693543,3402.2649840279146,854.6477661132812,1194.8802490234375,1639.189208984375,1195.325927734375,3428.099365234375,54516728,20215075,12182167,23007298,7085018
2025-03-03,858.2984018170607,1201.2312348006667,1643.6569975986285,1199.2104168056296,3429.8217928275967,859.9017296292334,1207.6814644794808,1678.9135283002097,1201.6506219268736,3467.466178358631,835.7531099870528,1194.929880803104,1643.6569975986285,1151.4013636439433,3421.1118192809513,839.428466796875,1196.964111328125,1659.4884033203125,1166.5906982421875,3437.744384765625,21205364,8158881,7504969,17944938,4990439
2025-03-04,837.6771272358142,1197.9068433475454,1646.2794646548505,1157.576687742468,3418.9960131405514,845.7184570804238,1207.334101585249,1650.1644899401717,1169.3297956512124,3494.7768689297923,835.3338019387764,1197.0137104452713,1621.9980566215932,1154.9373267832577,3409.449641700051,843.5971069335938,1201.1319580078125,1639.7720947265625,1157.2779541015625,3476.126953125,19920958,9574490,6759673,11377373,2797737
2025-03-05,839.6257577393887,1207.6814517983407,1643.8026956375877,1156.3815647449799,3465.1040361000673,843.991790915382,1216.5628733470458,1683.1385762213686,1178.2940491759787,3543.3453026207108,832.8671383829512,1202.0251450551775,1643.8026956375877,1152.3974766666165,3465.1040361000673,833.73046875,1206.391357421875,1662.30517578125,1170.9234619140625,3490.88916015625,21583872,9052846,8180782,8664095,2501894
2025-03-06,832.2504799228543,1218.5476101118768,1665.7046071983816,1192.2383549047067,3500.681983864865,838.6144701478811,1218.5476101118768,1672.794825837321,1209.1208794668382,3552.301494441748,824.973838204501,1199.7427576093883,1642.4915571816716,1180.4355183146993,3480.1129898813674,834.3224487304688,1208.7235107421875,1666.5301513671875,1204.7882080078125,3544.575927734375,32966088,11949475,10610547,14468014,2786513
2025-03-07,829.7838192395386,1201.8265880949464,1654.146667899849,1211.1627762331514,3543.0010597320415,839.2311321984157,1208.5249033729367,1655.9920786793123,1249.8084792402678,3567.6052337579586,827.6131479773222,1197.0634143564148,1627.340016320931,1207.178688153437,3517.8062894194477,833.3604736328125,1205.250244140625,1637.5382080078125,1244.828369140625,3554.023681640625,13372914,6620284,8019331,16474965,2051315
2025-03-10,833.2371287977431,1198.7503263397664,1637.5382042171923,1240.0473535020744,3549.3982513065516,838.6144556459366,1216.4140799337886,1669.5896637303404,1252.9956391209716,3564.7513524687047,830.3018296675241,1198.7503263397664,1628.01984457351,1230.4855669004469,3525.876756343207,832.4971313476562,1205.5478515625,1652.5440673828125,1233.4736328125,3532.81494140625,15604050,7363437,7558981,11931051,1004626
2025-03-11,829.9811819724781,1207.8798680000234,1631.7106175387037,1235.0672477916657,3501.666002409517,835.7038170818192,1238.4440812807522,1631.7106175387037,1244.5294565449083,3531.929136072837,823.8885481247595,1207.8798680000234,1589.995206020896,1224.858022557904,3481.6381088995104,831.510498046875,1235.864013671875,1613.8394775390625,1242.3382568359375,3518.692138671875,19898430,10927950,12671234,10089838,1995450
2025-03-12,834.4951408301645,1237.4020778822246,1589.84944650162,1252.995610693361,3508.5550985819973,847.7904041385841,1242.3637929723905,1589.84944650162,1257.9757204337955,3512.7378080263093,834.4951408301645,1225.8413786306357,1518.850635339536,1239.0513034201438,3431.642549263105,844.1644287109375,1234.425048828125,1545.123046875,1252.0494384765625,3450.68603515625,18784106,11548372,14870008,11977555,3174167
2025-03-13,846.5818201293218,1241.4707365370484,1553.2816045131979,1255.0376050433522,3446.847768174978,848.9251455168071,1245.9858244254206,1559.886194636392,1259.1212710412995,3468.4994398886056,838.6885135609504,1235.7647643884725,1525.163782654934,1238.901975238559,3428.9359787214553,841.9197998046875,1240.4783935546875,1534.439208984375,1242.9359130859375,3455.459228515625,15736264,8132940,7822888,9505270,1693004
2025-03-17,841.1304307424771,1247.4248742515454,1500.736758011993,1237.208673957254,3433.758596103089,850.5037317302232,1264.1953748180651,1548.1826065260266,1252.3980085038181,3474.5522694033125,841.1304307424771,1245.1424367918191,1500.736758011993,1228.1946267891797,3422.293146886519,843.79443359375,1259.2833251953125,1544.34619140625,1233.9217529296875,3442.32080078125,18950652,11164812,7526032,16640917,2690906
2025-03-18,843.79443359375,1259.2833251953125,1544.34619140625,1233.9217529296875,3442.32080078125,843.79443359375,1259.2833251953125,1544.34619140625,1233.9217529296875,3442.32080078125,843.79443359375,1259.2833251953125,1544.34619140625,1233.9217529296875,3442.32080078125,843.79443359375,1259.2833251953125,1544.34619140625,1233.9217529296875,3442.32080078125,0,0,0,0,0
2025-03-19,855.930432694155,1295.6029599370165,1556.9238965430377,1236.113132982547,3490.840057701268,863.823739278078,1308.2057883620175,1556.9238965430377,1248.2645525643281,3490.840057701268,854.5490799535085,1292.1794251380722,1527.5920028100838,1233.8720835165427,3407.9239948703316,860.4197387695312,1303.0455322265625,1540.94677734375,1242.1888427734375,3441.730224609375,15221406,11278014,7387068,16162399,3051244
2025-03-20,865.3037412350927,1309.8927772461004,1546.2400259441436,1246.8700894970418,3456.394090935439,875.1703745445009,1314.1102350516276,1584.9931759348294,1267.9359786597456,3522.2840156560787,862.985106495842,1301.0113557334153,1546.2400259441436,1245.0773228865291,3456.394090935439,872.5803833007812,1311.5797119140625,1569.1131591796875,1264.101318359375,3506.734130859375,17833978,10886735,7186750,15971477,2845192
2025-03-21,866.0684175252852,1305.923445707521,1532.59385494289,1269.927977701306,3419.9800483054673,875.2196836615442,1338.6707661545943,1557.7980274559397,1275.9041093610767,3558.993625808531,866.0684175252852,1301.5571120874529,1518.7049607743006,1265.0474458622177,3410.1383791017106,873.3696899414062,1332.81591796875,1546.7742919921875,1271.2725830078125,3521.44775390625,33508264,60494318,10074677,21780769,4161925
2025-03-24,877.6369838460287,1345.5675050388625,1552.0189913058653,1285.86434660882,3543.000847877303,890.1676194932312,1362.4870024308004,1560.9060103586978,1300.8046759652354,3591.963151261163,874.997671627427,1334.7510627437973,1527.4947691913153,1279.141198398433,3510.129769454268,887.9969482421875,1347.750732421875,1546.968505859375,1296.920166015625,3571.492431640625,17393736,9352280,8857726,20299319,1834751
2025-03-25,890.4143157035983,1348.5941513991709,1558.8663000022038,1302.497915186312,3587.288541279539,909.5555477752322,1353.3574463042776,1589.1209562659596,1302.497915186312,3651.259393181643,888.7369760332164,1319.8658696966822,1558.8663000022038,1277.4977874103538,3580.3993726131584,898.5789184570312,1333.4112548828125,1581.6422119140625,1280.33642578125,3599.836669921875,39101416,16419207,9890140,13713899,3135390
2025-03-26,900.3302775382388,1333.7586400786652,1579.2627320763197,1285.8643858858131,3589.9948774821405,901.5636066855513,1347.6017762925185,1590.6749935166006,1288.6532960847499,3622.226344067718,888.9836493829623,1321.304687138062,1549.1537869998338,1263.7028966635362,3568.441718073897,891.2283325195312,1325.6710205078125,1553.475830078125,1267.98583984375,3578.234130859375,24478442,10859639,6651302,12074747,1734499
2025-03-27,887.9969842041877,1322.9420827344788,1549.688079270318,1273.0655062272906,3557.616055783924,908.2235821777275,1341.1515523929718,1573.3866387891755,1279.8882324099652,3605.0035991217837,887.0596420099644,1322.9420827344788,1540.4125339270274,1266.242780044616,3553.334833368605,900.5029296875,1326.415283203125,1557.4581298828125,1273.115234375,3593.390380859375,41658100,15109614,9426573,15028056,2528474
2025-03-28,902.3036249715724,1325.7702231722565,1544.2975705237486,1274.9081198538831,3593.193696748786,905.7569466636451,1347.5521031600986,1552.504639118573,1290.5954658598978,3602.9861102885666,890.8829847599874,1317.0375564815454,1515.1598805138667,1263.9518781988888,3535.0293312665412,901.908935546875,1338.025634765625,1525.5037841796875,1270.027587890625,3549.0537109375,28773648,8266544,6799047,18147129,2051919
2025-04-01,888.9836405685396,1329.739654923708,1495.0061979771754,1259.5693287834792,3516.13323836803,892.8809726796349,1341.995067068455,1502.92196020728,1272.8164693011493,3527.2543730344664,870.9030234039785,1305.328040709696,1474.2212903040318,1244.330265958221,3469.188522585517,872.1363525390625,1308.3546142578125,1482.6226806640625,1247.6170654296875,3494.580078125,28511006,14288024,12680733,12099648,2618493
2025-04-02,873.5423260418547,1312.026343402594,1491.0726643663595,1242.5873186806543,3487.8873911642027,887.602278026219,1327.705290380845,1510.9349273715397,1250.5554948342144,3507.6692413832784,873.5423260418547,1312.026343402594,1491.0726643663595,1238.9518139936486,3474.1583113674365,886.4676513671875,1321.056640625,1505.593017578125,1246.1729736328125,3487.838134765625,11573564,8042214,6193478,10142590,1764313
2025-04-03,878.6729886492828,1311.8278468858045,1490.5385603678294,1228.145018441354,3435.72673868462,889.9702954640933,1322.7932860458366,1490.5385603678294,1246.8204315907722,3446.5525748706787,876.6503409310941,1311.1332552048473,1442.3642697947264,1228.145018441354,3342.3784096429627,885.456298828125,1319.3697509765625,1453.485107421875,1243.732666015625,3349.267578125,11250038,4591008,10459504,7434366,4537821
2025-04-04,894.4102660639704,1319.3697112264526,1418.5199114659142,1236.1628160172713,3309.359945032038,908.6921929973271,1328.3007984100484,1429.6893595876932,1240.4954871764826,3345.8231390019464,893.4729239008652,1311.9766830431024,1406.3792069857197,1188.4036122186155,3243.3222453227836,896.5316162109375,1325.07568359375,1409.92431640625,1199.9075927734375,3247.160400390625,33540454,8648542,9590254,17908652,5317367
2025-04-07,869.6450067324856,1285.3322768617725,1313.1385736419368,1127.6960086529814,3050.917373829733,878.0562747489253,1314.854481252151,1365.489314158466,1166.590714623955,3239.2868213813013,857.5090006629878,1255.3139009690346,1269.4320382766355,1110.415052053189,3007.66328685901,867.1289672851562,1277.6912841796875,1356.602294921875,1161.062744140625,3222.211669921875,37995450,19185012,21715252,22156106,6623955
2025-04-08,870.730371547347,1289.8969896705237,1389.8677955834949,1167.3378163352843,3249.768515327564,879.1170096868965,1300.0189606799747,1414.6348317731379,1191.8399338970503,3295.9751054332087,863.4784203033727,1277.4927025037578,1374.3276944448953,1158.6724733291408,3203.758710556288,872.7777099609375,1289.9466552734375,1387.7310791015625,1177.4971923828125,3240.8125,35563872,13085762,12805001,19555040,5557558
2025-04-09,870.7303466796875,1294.9579703581671,1364.663707842691,1164.8477193030515,3208.9256141746023,875.6636630914704,1295.106846037701,1368.9371407012397,1185.0670143686195,3218.225943847207,865.0570328061372,1274.6646041339118,1342.1791008495861,1163.3536863154889,3161.193516842312,870.7303466796875,1290.83984375,1363.3524169921875,1180.6346435546875,3195.196533203125,22454608,13005622,8546854,10223104,2990265
2025-04-11,875.540352413462,1295.1067945023049,1370.6854425398662,1190.3957018139643,3237.4666363546835,897.567622795633,1314.8544439632922,1397.4436008179698,1217.786306450343,3246.7177101402076,875.540352413462,1295.1067945023049,1356.893650613513,1190.3957018139643,3155.239434600079,891.3269653320312,1301.606689453125,1368.9371337890625,1214.1009521484375,3180.335693359375,32775766,13064247,12567440,11224242,7108961
2025-04-15,920.0634812745557,1340.655373037739,1404.0480742507405,1246.0235343416643,3261.9225501392634,925.8848185421238,1343.9301533432258,1406.087688754894,1246.0235343416643,3261.9225501392634,915.1301650210728,1325.9686484021752,1368.5001176189407,1232.1788040875913,3187.3228942463625,920.01416015625,1339.8614501953125,1385.011474609375,1235.1668701171875,3196.770751953125,49298344,15202603,10178530,13378535,3512160
2025-04-16,929.3381542000717,1346.6094196449503,1384.0401507759727,1229.1907298200806,3196.7710501937127,929.3381542000717,1349.2886972283168,1386.4682913913693,1235.9637280756608,3226.197786267431,917.8435030643678,1332.6174078978706,1356.6507720589223,1224.1110419207541,3177.8750927421893,926.476806640625,1346.0140380859375,1372.482177734375,1234.3701171875,3221.9658203125,19136820,14039073,12022740,8248464,2384391
2025-04-17,928.4501090482869,1351.5711498907554,1357.8163531049115,1235.266450081142,3194.113794556276,947.0486870380013,1398.112060263163,1388.7023519091767,1275.1073305428426,3251.293989715387,925.8354273732423,1349.6856739861041,1338.6826507754836,1222.7165970526498,3167.0492037843464,940.6353759765625,1395.9288330078125,1378.6983642578125,1269.4300537109375,3246.668212890625,35703084,17490424,14264227,15398401,2932346
2025-04-21,949.170085798879,1425.004587897116,1369.4714582615436,1264.947875835223,3238.0075324909676,962.3420166432835,1425.004587897116,1429.4951483248678,1295.7249783909904,3300.895699711744,942.2634427629204,1393.9442026732427,1369.4714582615436,1261.9598099867933,3232.102531239247,950.6994018554688,1399.0052490234375,1409.29296875,1290.346435546875,3269.0087890625,34247298,16882426,15648970,10429964,2432946
2025-04-22,954.5967457498784,1401.9823098324273,1398.6091260339042,1294.8286411452223,3269.9932127938664,972.1593405008402,1407.9363681338637,1398.6091260339042,1298.713151385602,3281.1141071380534,954.5967457498784,1388.1887172069748,1378.5041672717928,1281.1831879455033,3242.8301087922596,967.7686767578125,1405.6539306640625,1381.903564453125,1286.0635986328125,3261.9228515625,45961750,16135274,9399738,13051707,2710498
2025-04-23,976.2540297557508,1418.0581618237188,1404.4366498623076,1291.840547250601,3311.7216581561997,976.2540297557508,1418.9512947601793,1445.0352117850275,1300.8047453425481,3366.736492414926,947.4434488933124,1400.4937389943566,1398.2205856526791,1280.286716249035,3284.460282754783,949.1207885742188,1413.493408203125,1432.5059814453125,1294.82861328125,3358.961669921875,30570642,13990764,11136642,10480888,3543923
2025-04-24,942.2634238174406,1405.4554343163697,1427.6496829084983,1287.2588872304611,3347.2503481599792,949.1207455952106,1410.3178180904442,1440.2760150192205,1299.3107293954529,3358.469755408652,939.8460867592294,1388.0894318786184,1419.4911061400271,1285.1672652984741,3334.062366713585,945.6181030273438,1391.95947265625,1429.1065673828125,1296.4222412109375,3347.742431640625,25931754,15678099,7114292,10468940,2252175
2025-04-25,949.5647662059754,1399.2035920369979,1433.0887071514799,1298.3146947064158,3365.8510396652046,953.6100615716746,1403.966886762009,1458.535575435,1319.928323767296,3422.7359386245157,933.2848220611925,1377.769008045682,1421.4336312546193,1282.9759313802824,3351.0885351052693,942.8554077148438,1394.04345703125,1437.653564453125,1295.22705078125,3393.40771484375,18500878,11705093,8329979,14431012,2742991
2025-04-28,942.8554253066497,1394.8373106964493,1437.6534907325017,1334.669497851195,3380.6135845558206,951.982060830828,1424.0122194189871,1446.7833234291916,1369.1318351951852,3403.0526398096476,941.4741328194633,1393.0511659597357,1423.1818670852326,1314.9482133535364,3351.0885750837174,947.29541015625,1417.8597412109375,1439.4989013671875,1363.35498046875,3388.97900390625,13920492,10948561,5886253,31104496,1593296
2025-04-29,946.6048254524144,1417.8597077945897,1439.4018262859975,1365.5461749701867,3400.296610646148,951.5381421157663,1427.2869661678633,1466.4027986571466,1405.2874774645995,3439.663286312095,937.4288082816594,1411.7071085959242,1431.7288778586658,1364.5501529607263,3376.086009001543,941.6715087890625,1418.85205078125,1454.456298828125,1394.1319580078125,3417.51953125,18918308,10786910,8056743,32538970,1578332
2025-04-30,943.7434115323153,1422.0275444346203,1453.7764926957282,1396.4228227174156,3417.027637154589,955.5340495753018,1422.7221360927958,1465.431568419441,1406.7814756764847,3454.32746830495,942.4114402150566,1389.2802248488963,1439.984581952398,1363.5540972183608,3312.7059408589703,949.6633911132812,1416.073486328125,1456.9815673828125,1399.410888671875,3399.017333984375,31936870,14192027,7704183,25480745,2809332
2025-05-02,952.0314262519853,1415.9742091510598,1456.5930649551544,1408.3751233126775,3417.0273551351647,958.0007270723939,1435.5233172200462,1479.4175886205041,1421.024554216323,3436.2186090018513,947.1967520748111,1413.6917718641512,1453.1936678135066,1403.4945911426703,3365.8506781573337,948.1340942382812,1419.149658203125,1463.586181640625,1414.152099609375,3376.676513671875,17840404,8842434,7402310,13007841,1721761
2025-05-05,956.5700467268101,1428.9738894731652,1471.4532464465005,1425.3074680112338,3395.3761880943653,962.9833580251333,1435.7218701832576,1479.2232965927526,1433.773654928142,3449.013290196146,953.2647488384409,1415.081087769954,1459.6039673980883,1421.2238021682567,3391.8330907445547,955.4847412109375,1418.455078125,1465.2371826171875,1425.6063232421875,3399.608154296875,15068024,4565705,4282493,12685649,1284443
2025-05-06,952.1300492793257,1418.0581160771362,1462.7120452184295,1425.3074785225756,3405.217529296875,957.112686715781,1422.7220796211836,1472.0360823521305,1426.3035005201455,3418.011699204638,949.3180830668039,1409.5239906903596,1456.0103527730441,1404.9886054552057,3382.5816902292945,952.9686889648438,1420.63818359375,1468.053955078125,1415.2476806640625,3405.217529296875,17490156,6301690,4270530,14084117,1324763
2025-05-07,954.1033540161453,1414.0887881642996,1456.8844481471906,1415.2476117092147,3366.4416202686452,961.3553047488027,1430.9586193213472,1475.1441139885928,1418.733688530858,3404.725619138935,948.3807192627594,1410.119416127347,1453.5821530190785,1397.1199392858432,3366.4416202686452,959.8259887695312,1424.4091796875,1464.9459228515625,1400.4068603515625,3390.5537109375,21420778,10480453,5691799,13440169,1477128
2025-05-08,964.364722012384,1427.5846620245352,1464.654491996011,1398.51446598441,3393.4075587678194,964.364722012384,1437.8058437113664,1472.910170498641,1415.1481063364454,3421.9483996043236,946.752746184645,1415.1803741209164,1458.0499017692832,1392.438756100913,3374.4130890526376,951.3900756835938,1424.5084228515625,1467.956787109375,1401.4029541015625,3394.293212890625,34803430,15306490,8424409,16106175,2543591
2025-05-09,942.3127568324845,1404.3638078003796,1457.5642989506216,1379.9884666950659,3345.1834469493565,946.7034204881495,1409.0278927234135,1467.9568126185206,1389.251519832932,3391.636078710749,930.8181657127636,1376.379782804671,1451.1540310083215,1369.032224808638,3344.297792808673,932.248779296875,1378.2652587890625,1464.2659912109375,1371.721435546875,3385.82958984375,17188796,13491197,4478653,13668904,2531757
2025-05-12,946.0127244576516,1398.6082269981746,1492.8209942326298,1394.430721507353,3449.505112495261,966.8806765571811,1441.8743569081432,1585.0903465111594,1433.275577320772,3573.018063028258,943.3981029435623,1393.249550653154,1487.96471253376,1394.430721507353,3446.7493970179844,965.5486450195312,1437.4088134765625,1580.136962890625,1430.7855224609375,3563.077880859375,18618972,9925445,11372857,10674081,2228678
2025-05-13,961.9967305905121,1429.0731325397105,1562.7513505672503,1427.7974767909468,3563.0780270840673,967.7686868855955,1436.8134564073198,1565.859323230766,1441.9409399606418,3565.6369573340817,947.1967808891196,1416.4704248722041,1519.627548132014,1406.7814377941193,3454.918172432044,948.4794311523438,1419.6458740234375,1523.5125732421875,1410.0682373046875,3459.346923828125,24242102,12475424,12846210,11407896,3062887
2025-05-14,948.2327622761527,1418.9512828044426,1528.75740058924,1414.3512435205853,3465.251807319678,952.2287366384547,1429.6685145448027,1549.1537826809642,1424.2118856620737,3504.618485051228,938.8101397074491,1406.4477852062123,1524.3867472838704,1409.8691445094285,3453.0482333329505,942.5594482421875,1415.279541015625,1546.6285400390625,1418.7337646484375,3492.51318359375,15445308,8026837,4870057,5570160,2119499
2025-05-15,943.9901042439285,1414.9819190581854,1544.1033749720434,1419.3313670179805,3507.57083651873,959.4314088460198,1445.3475908699352,1572.075486394776,1455.5865925696291,3543.000844968414,935.85013208818,1404.6615275498752,1525.843708376521,1407.0802476372012,3458.461004249911,954.0047607421875,1439.6912841796875,1566.636474609375,1448.4151611328125,3523.218994140625,32241458,18209264,11151167,20177211,3548330
2025-05-16,954.0047801554118,1442.172107583965,1566.2479103864578,1447.4191020051853,3536.997516867453,958.9380967138302,1447.5306627908633,1566.2479103864578,1455.1881221330052,3536.997516867453,951.340777169636,1435.920298328426,1536.0418626920532,1441.542669553187,3489.954528726303,954.44873046875,1442.86669921875,1544.200439453125,1450.6064453125,3504.913818359375,15868010,6439208,4576751,9036695,1666727
2025-05-19,955.5834183781088,1435.4241717584057,1531.1856318206726,1446.3234565863577,3493.7926303362833,959.5300716290252,1448.5230511072755,1539.4413107743521,1448.81351147394,3493.7926303362833,952.6234284399217,1432.7448940711074,1510.9834523682187,1432.4787270944578,3448.225653046167,956.4220581054688,1437.905029296875,1514.9656982421875,1435.0684814453125,3463.086669921875,10202964,6005334,8855798,6195791,2537377
2025-05-20,951.1927398071444,1439.0957378026826,1524.8723866170074,1432.4787356808251,3475.8807241395375,954.3993955236706,1447.8284044606678,1537.9843466293191,1439.2517336495314,3501.6658490029718,943.7434439560598,1424.5083444847762,1513.2173110505078,1416.1440727881434,3438.679167064751,944.6807861328125,1427.1876220703125,1515.7425537109375,1418.932861328125,3442.9111328125,23879090,11352383,7143998,11270560,2038374
2025-05-21,950.6500948788123,1431.8517946649677,1522.832797268108,1418.235682967954,3452.457610566972,960.4674068130723,1440.1875004165765,1525.8436681268927,1430.486680037078,3480.998451703358,947.739426083267,1427.485461067875,1507.4869000940212,1412.458707007589,3442.911239345345,950.5514526367188,1433.637939453125,1523.41552734375,1423.5145263671875,3469.975830078125,15132040,5510460,4157309,6136364,1440153
2025-05-22,944.828766015395,1430.0655182967434,1510.7892156499267,1415.5464438973825,3439.6632460297133,949.2687509312965,1434.2334317099203,1515.9369216042496,1418.1361984129633,3442.4189613490807,939.895449442171,1416.867428660744,1495.7347425913772,1391.3431818014155,3396.6552014233635,947.1474609375,1431.057861328125,1503.0191650390625,1403.79345703125,3421.9482421875,21306670,7245933,6158990,12134466,2034383
2025-05-23,947.2460290070277,1431.1570706662649,1505.447258808557,1401.0045498118507,3421.9483529990202,955.583345407158,1440.6836606711147,1541.5779455953386,1428.0964217220903,3479.0300338946035,944.4833839865793,1423.4168677068544,1505.447258808557,1401.0045498118507,3410.728946312352,953.906005859375,1438.698974609375,1519.8218994140625,1421.124267578125,3458.953125,9566072,5203706,5038421,6474883,1274331
2025-05-26,954.5967478346391,1446.8360701649403,1521.5700705826603,1426.3034970063507,3465.2517322885897,961.947401503022,1460.331910515487,1538.275749801986,1435.2676949623963,3488.871738416089,950.6007734925844,1443.8590412139838,1517.782147363295,1419.430920923106,3454.524408949068,957.1620483398438,1449.4161376953125,1535.070556640625,1429.0924072265625,3481.293701171875,10802860,5608725,3170102,4842944,967470
2025-05-27,952.9194312599001,1441.3782192942826,1534.4878415209876,1420.4269591196573,3476.0777398133723,961.0100826032541,1451.7978208795425,1537.4016104009331,1431.2836233071982,3483.951075577389,945.3714929245052,1424.7068083036186,1511.6633186280806,1408.275539274527,3427.952071065876,950.3048095703125,1435.324951171875,1524.969482421875,1416.44287109375,3443.304931640625,26162148,14842959,7775714,12640414,2467680
2025-05-28,947.295443323748,1436.5157355383742,1535.556238237006,1414.4508509493858,3464.2677725087055,954.3501102535763,1446.836127202333,1542.063608140773,1416.9409060075968,3473.1252753361427,946.0621141556768,1431.454810349359,1524.8724187426308,1405.0882196135674,3437.6952640263944,948.9234619140625,1442.6683349609375,1526.6207275390625,1407.279541015625,3442.32080078125,18157594,8618343,3623370,5944611,1222933
2025-05-29,951.1433943336576,1445.4467442494526,1543.3262208282474,1406.4826358531975,3449.2097128936152,957.4580633637506,1451.698553407669,1562.6542444112208,1414.3512339364067,3476.5696009789913,940.9314535555673,1433.9355900375203,1531.2826193070812,1402.996558868143,3431.297923230928,950.896728515625,1445.3475341796875,1540.02392578125,1412.1600341796875,3442.71435546875,28917794,15545514,8609500,13771917,3188072
2025-05-30,953.0674622365118,1448.7216268807567,1547.3124739974683,1412.3591925541664,3434.7426576999464,961.4047794767922,1449.7139699197687,1548.297396005105,1424.9090454066043,3451.1781977204464,949.8608063918771,1433.2410996992944,1531.652190030095,1404.0921613404494,3398.4269933317396,959.4807739257812,1434.7296142578125,1539.1375732421875,1415.2476806640625,3408.563720703125,28748078,11803975,13148092,13788484,3404365
2025-06-02,952.1794133521448,1430.9586389930196,1536.4782943781508,1406.4826830156508,3395.375984554132,955.0900821550082,1448.8208134048605,1536.4782943781508,1411.8612262898896,3405.217654074579,941.276795842849,1421.8291316367724,1515.7949327230604,1390.0483195350275,3364.4732383699834,953.1660766601562,1439.3935546875,1530.371826171875,1408.0762939453125,3395.17919921875,14668822,9458990,4374509,8098668,1877585
2025-06-03,956.0767204883472,1443.7598455387374,1535.4933708621093,1416.6421539546416,3391.439214740725,962.9833634640112,1443.8590556109682,1543.6682714095227,1420.8253977642241,3418.503805107925,947.1967509482078,1421.035166759386,1512.4461724234918,1397.8173136420837,3346.6596197695403,949.466064453125,1426.8900146484375,1519.734619140625,1399.908935546875,3351.28515625,24377584,11167345,6853403,11252626,2848125
2025-06-04,947.6901200517409,1426.3938661679927,1519.7346010168856,1409.0722382665938,3364.9875293233777,958.6914401720352,1429.0731438395549,1533.8190332918903,1420.0284799827916,3370.746482399833,947.6407989299088,1415.4780930628378,1518.158749909477,1400.506473605418,3346.1221522041255,957.6553955078125,1420.0428466796875,1527.8109130859375,1417.8372802734375,3356.94482421875,12961542,8025388,4548307,8126827,2544807
2025-06-05,961.0100588418235,1419.9436226094324,1524.5607331925255,1422.3193687346825,3384.8457201630413,966.3873858970264,1447.8284366760695,1544.0621159555858,1448.913106617055,3384.8457201630413,957.1620478647775,1416.3712120373557,1518.3556767230737,1417.9368477633755,3339.8666423105756,961.7993774414062,1443.66064453125,1530.8642578125,1436.662109375,3347.21435546875,22255418,11385668,6948539,13716817,3584683
2025-06-06,959.0366899431259,1437.5080878919146,1531.2581829658582,1435.2676355449807,3347.2144001409188,984.8379583134906,1450.2101271201,1545.2441474823067,1445.7258660607492,3366.873914676264,958.3953347348495,1431.0578582020253,1519.8331118292815,1431.28354772945,3334.9021140402438,976.1552734375,1448.5230712890625,1540.2210693359375,1437.7576904296875,3360.221435546875,30127008,11580994,3960020,8182161,2070390
2025-06-09,984.196594423998,1453.7825541382838,1554.2069160448225,1451.204075048637,3375.9095645850753,984.196594423998,1455.5688200651953,1564.0561360451065,1451.70208605586,3409.668660230926,974.7739724063232,1422.4245382897982,1547.3124620446238,1439.5506661134996,3366.873944962607,976.2539672851562,1423.8138427734375,1549.183837890625,1443.0367431640625,3397.654296875,13202588,11022031,2903202,7885125,1718678
2025-06-10,978.1780428487654,1427.9815809293386,1560.116482612782,1444.2318404180787,3415.626122829056,978.1780428487654,1430.660858582463,1583.2621501262925,1448.1163503747662,3461.1016586442274,967.472709657825,1405.6538633679,1553.7144894707471,1430.2875329933524,3398.94510956099,969.5447387695312,1412.0048828125,1571.935546875,1432.777587890625,3438.36376953125,15533126,12905272,8591925,7913181,2419874
2025-06-11,970.6793723493836,1410.9133394459884,1566.1244242034918,1440.0485867347081,3445.4136080819626,970.6793723493836,1423.5160472131458,1609.9534525332194,1462.7578142878924,3464.278985186734,960.516752091058,1407.737769134025,1566.1244242034918,1437.3592545136698,3424.6617902310286,962.194091796875,1420.0428466796875,1606.5062255859375,1443.13623046875,3447.300048828125,11096394,7136877,10597410,8195700,2847013
2025-06-12,961.9966994408974,1419.5466979345517,1592.6188275892266,1447.7179200254843,3447.3000185229757,967.4233474890254,1425.5007560873705,1603.452969273507,1451.2039968882907,3450.080227817185,954.7447484104943,1409.127096167119,1574.0037782857437,1428.6939248911115,3398.9451271669373,958.74072265625,1414.2872314453125,1584.345458984375,1435.865234375,3409.8671875,16349130,7953247,10483574,8828114,4060134
2025-06-13,947.19676434732,1392.8526699787633,1552.2369998927122,1418.335338487147,3369.157630228437,953.6100757725884,1410.6156346634868,1584.7394243828517,1429.7895915718395,3426.0516828925206,943.7434428106371,1392.8526699787633,1546.5244044661895,1408.6739736495979,3369.157630228437,946.0127563476562,1405.2569580078125,1577.844970703125,1422.2198486328125,3421.28564453125,12117762,7573103,6968315,9757276,2178493
2025-06-16,949.1700746468088,1405.7530618658518,1575.875214344727,1421.223780491138,3415.625963412075,956.520728121515,1418.0581392255135,1610.1505483486199,1436.6621211041454,3484.1370655851665,947.2460692080249,1403.3714144517853,1573.01891647278,1418.7337255535563,3401.9236944953027,954.7940673828125,1415.9742431640625,1599.31640625,1432.0804443359375,3471.527099609375,16513746,5451137,5591842,8458093,1934088
2025-06-17,955.5834055099792,1415.9742319665809,1596.2630097727385,1442.2398094911548,3485.13008250971,957.852719054467,1418.8520508551696,1622.5604988569514,1442.2398094911548,3495.0592280439255,946.7527569357399,1406.9439350146247,1591.2399317053334,1420.12817043809,3463.3853507540894,951.9327392578125,1412.302490234375,1615.173583984375,1425.506591796875,3490.392578125,16978736,6970098,7622083,10366599,2111940
2025-06-18,945.7167603313338,1406.150024814166,1596.5585788351507,1424.3114328610282,3494.1658240448833,955.2380851367438,1421.0351697486842,1619.9011823893957,1437.0605628519918,3512.9318127961833,945.7167603313338,1399.402043989603,1596.5585788351507,1420.028489708749,3418.7043153471695,954.0540771484375,1401.78369140625,1608.2791748046875,1424.4110107421875,3426.9453125,18433816,6751745,5629707,6681735,2696327
2025-06-19,954.0540746334422,1397.2189939427594,1599.4148737815738,1424.4110453044384,3425.5552808815073,960.4180648603083,1403.8676438261634,1605.4228739879738,1434.1721095891817,3426.548195455676,949.9593979158449,1393.9442134714564,1587.2018168292147,1420.0285241646616,3388.817441637271,954.7447509765625,1400.4937744140625,1593.997802734375,1427.598388671875,3399.739501953125,16876220,8849883,5147760,10007230,2672768
2025-06-20,952.9193918485255,1400.4937821267788,1594.58871180959,1425.3075053013417,3400.7323081895083,971.8140179089729,1422.3253290273638,1606.1122510729595,1465.148385952672,3421.8814364277036,952.9193918485255,1399.4021078732494,1584.6410236941556,1422.4190171371765,3386.732116175425,969.2486572265625,1416.1727294921875,1598.429931640625,1460.367431640625,3411.3564453125,32900408,12408178,9202821,29010635,2351248
2025-06-23,961.2073364257812,1406.1500791810931,1576.8601291540897,1447.2199506188397,3390.8032061585363,965.8939867961492,1412.3025575376569,1576.8601291540897,1457.9770367383994,3400.732351710977,957.9513597916495,1401.0891539348067,1551.6461498856431,1436.2637087352834,3346.122051172553,961.2073364257812,1409.226318359375,1560.116455078125,1451.0048828125,3369.554931640625,11739518,5514384,7943676,5989078,3123421
2025-06-24,969.3966711141703,1416.7680893764307,1576.860073737694,1459.1721495093714,3410.264459071302,976.3033140635843,1424.9053748687675,1584.739449496533,1469.1323689599471,3417.711318302596,964.7593416610487,1405.6538959425357,1552.827953627288,1437.359244595668,3358.0370560315137,967.3740234375,1413.1956787109375,1557.7525634765625,1445.0286865234375,3366.37744140625,22625322,11188438,8083992,16402744,3403048
2025-06-25,969.8900392545883,1411.1117385952273,1566.025955644839,1458.1762135192969,3383.157794223958,977.7833457795492,1417.9589294864209,1595.4751470327865,1466.5428226679085,3425.555197020872,968.854054817417,1404.463088984364,1561.199813873949,1454.690136506102,3375.909469527816,976.8953247070312,1414.8826904296875,1590.550537109375,1461.463134765625,3420.39208984375,18405932,7527388,7813533,7525851,1757699
2025-06-26,977.4873577522009,1413.8903780949927,1584.5425210067874,1463.2558362824063,3420.392073713661,1000.032590400823,1436.4165161110168,1599.5132869304996,1492.8377614283193,3426.945164265374,976.7966813877978,1410.814017835929,1582.3756205245834,1459.2717484446844,3391.10109463089,997.41796875,1428.080810546875,1591.6339111328125,1489.3516845703125,3417.413330078125,50084830,13617435,6519233,14657893,2879106
2025-06-27,1004.0015037809444,1427.882386711014,1594.5886581952298,1493.4353527246628,3430.5199217495656,1007.393088107433,1454.774858156496,1605.0288069577266,1515.9454247275912,3441.8390511551324,994.2258430942326,1426.0961208320166,1578.238977654369,1490.9452978220222,3406.689971497181,1004.9491577148438,1451.00390625,1583.7545166015625,1509.3717041015625,3416.718505859375,28213384,22532899,8912268,11117052,1778433
2025-06-30,1003.2533964547342,1450.6071028820047,1590.648993297183,1507.7781788170053,3415.526463469455,1004.400566128524,1450.706312958781,1590.648993297183,1518.734421010171,3440.3493257651157,995.2732550959096,1431.2564136212704,1570.064099926214,1490.0489382705405,3405.696706964679,998.2658081054688,1434.7296142578125,1577.6480712890625,1494.630615234375,3437.469970703125,13649020,6325073,6294505,8409527,1468351
2025-07-01,1000.0114368496795,1434.6302067068036,1584.7395342639384,1494.630607775488,3430.5197119515014,1005.4977838847651,1436.5156826077227,1593.308307768125,1525.3081343971446,3460.3071479452915,999.5126780283082,1418.653508855977,1576.3676970723639,1494.132596769193,3389.313758826758,1003.5526123046875,1421.03515625,1582.57275390625,1522.320068359375,3405.39892578125,14389386,7761449,4178937,10368523,2375183
2025-07-02,1007.4429706558585,1421.2336440793872,1593.6038341220215,1522.3200879079554,3462.491327790443,1007.4429706558585,1439.8897415628453,1624.1364168524187,1523.9136988316197,3465.1721484055424,986.4950998423908,1411.707175185214,1579.2239966239758,1502.6983810571346,3395.7675231854428,990.5350341796875,1416.867431640625,1586.2169189453125,1512.75830078125,3399.044189453125,18878250,13372280,8653641,6361002,3090585
2025-07-03,994.9739612315547,1421.1344118511029,1594.0962765801005,1514.7502729656235,3405.6969138623963,1001.507689459166,1435.027214103107,1607.786716594206,1525.8060926058627,3410.959409470928,989.6871300276722,1412.798706272776,1590.6490495377586,1506.9812529023668,3373.5265793371623,991.0836181640625,1414.98193359375,1594.293212890625,1511.76220703125,3376.703857421875,16860506,10177738,5259695,11283291,2531870
2025-07-04,991.0836632772651,1416.0734952431667,1600.4981989662078,1517.9375659885409,3383.852895387978,999.2633203019867,1433.3402880878325,1618.6207872342948,1523.913698138102,3402.718272445599,987.5424877454124,1410.2186471744621,1587.9897380569496,1511.1645675851503,3366.0798213348503,992.1809692382812,1431.7525634765625,1615.96142578125,1521.2244873046875,3395.5693359375,7863944,5066503,4411273,6603501,1109320
2025-07-07,992.0312782906421,1425.9968814549877,1615.2721260131761,1520.5271677380254,3394.0799444957242,996.7196233059492,1429.8670433562065,1619.2118141254034,1538.65484117058,3401.8247266726726,989.4377568185034,1418.6535190770169,1598.5284515362102,1518.933556847784,3384.249944744325,991.2332763671875,1424.706787109375,1602.4681396484375,1535.367919921875,3387.526611328125,11349426,5177477,3294523,7251074,1639174
2025-07-08,986.0462146584523,1421.035188079707,1603.4529602070286,1529.8897875590692,3380.873980731512,1000.0114620081927,1433.935647189369,1621.378491891406,1538.7544076502807,3400.732271367233,986.0462146584523,1419.050502062836,1597.0509674297891,1524.1128113419518,3369.3560751984837,998.2159423828125,1430.9586181640625,1613.9915771484375,1531.4833984375,3382.0654296875,15224316,5315847,4590681,7171261,2325242
2025-07-09,1001.0089360727129,1425.2030375827696,1613.1052929685202,1530.586937987722,3385.838776858228,1004.4005203490875,1427.683895203639,1613.3022292758048,1544.8301010282516,3389.8104352475048,996.5699704674603,1415.6765685457565,1599.1193284889714,1504.0927774643353,3343.1434491735054,1003.1036987304688,1420.93603515625,1609.0670166015625,1512.9573974609375,3359.824462890625,13861428,8827347,4580828,8870660,2034938
2025-07-10,1005.4977851253348,1425.7985078190466,1614.1886858160015,1513.654605815878,3356.0512802151093,1005.9965439473215,1427.981614021397,1614.1886858160015,1518.6347158851345,3374.91665723407,997.5176439735463,1411.2109926594833,1582.868118202301,1501.5031858807802,3332.2213302964224,1000.6099243164062,1413.1956787109375,1591.43701171875,1511.16455078125,3358.037109375,17030310,7795964,5330179,10047129,3035012
2025-07-11,996.5201541247731,1411.111783317687,1555.2902357933656,1505.9852937598653,3276.5188393255935,999.9117385623401,1417.0658414751456,1582.8680505457567,1508.9733598189127,3311.3702392578125,987.9913902076418,1403.7684206963636,1539.433016356687,1484.3716645666439,3237.993946212789,989.3878784179688,1411.0125732421875,1570.85205078125,1489.2520751953125,3242.859130859375,12516922,7158015,11391755,7234991,7635550
2025-07-14,989.0387573242188,1413.9896019530586,1567.7988696310574,1486.263916129696,3242.8589718366698,991.8816582943851,1413.9896019530586,1567.7988696310574,1494.0329360309418,3248.8164592313483,982.8541356715338,1405.2569348701418,1536.2813659941348,1473.2160528053016,3177.3266104952063,989.0387573242188,1412.1041259765625,1546.623046875,1477.7977294921875,3199.86572265625,13088850,5846154,9173426,10311846,3924009
2025-07-15,984.0511806165923,1410.218682168871,1541.5013602388092,1480.2878335086834,3183.2841104563845,999.3131887778599,1422.8215115677394,1579.4208563061295,1490.5469086437597,3236.3056515140206,984.0511806165923,1408.134785993891,1540.4179701114037,1476.503022895967,3183.2841104563845,995.2732543945312,1419.844482421875,1561.6922607421875,1479.4910888671875,3229.256103515625,14498168,6041457,7614807,8132454,2590889
2025-07-16,1006.4952830829005,1415.081187967311,1555.1918577227598,1467.1403332858122,3215.0089950915135,1008.8394251469304,1418.25663727007,1587.6942841349517,1485.068728397248,3232.842384321887,993.826797075495,1408.2339967016344,1554.6993967165145,1465.6463003598592,3208.632873739526,995.6722412109375,1415.4781494140625,1583.6561279296875,1479.690185546875,3221.08642578125,17994612,5649093,6223491,10409983,2540733
2025-07-17,999.5126501495852,1410.1194736013367,1573.9053927711557,1481.4830970988435,3212.1199267281463,999.9116815490105,1412.3025798563917,1585.7244570472844,1483.674296790977,3229.9533162828457,988.8890631972324,1398.7075285299677,1556.2752645133157,1468.0368005528198,3192.194243099011,990.98388671875,1407.8370361328125,1559.6240234375,1470.52685546875,3197.275146484375,22529158,12927394,7374814,11854613,2947640
2025-07-18,990.9838927216935,1404.9592604817603,1568.0942241264431,1478.8934598804974,3213.0165477432356,996.0213445308241,1418.0581395587762,1575.1857343566385,1478.8934598804974,3216.802476353157,974.0759568696542,1397.7151081655259,1556.176692489401,1463.2558421043927,3175.157748110912,976.2705078125,1414.8826904296875,1562.1846923828125,1470.12841796875,3178.046875,16129446,11297246,5161833,10296318,3432645
2025-07-21,986.6446826643673,1436.9126621837045,1556.1767745731315,1459.1722169809668,3178.1464846864797,998.5151670456409,1456.4617708047458,1565.041072656143,1470.128458883213,3185.718341629892,985.7968170158388,1425.9968891975022,1543.1758521432762,1417.4388712363768,3140.287686436296,997.7670288085938,1454.576416015625,1560.4119873046875,1422.9169921875,3146.464599609375,22309078,13867136,3682661,22442744,3844346
2025-07-22,1004.051390877723,1462.8128219007424,1541.4029254290974,1421.721828538219,3147.859619140625,1006.4953213272488,1470.6523559877205,1561.889351060241,1426.2039275426996,3168.283445003984,999.0139388595042,1458.4464883845856,1541.4029254290974,1405.0881881707605,3142.8781981983425,1001.058837890625,1462.316650390625,1547.2139892578125,1407.179931640625,3147.859619140625,14836814,8930165,8473741,20396320,3198036
2025-07-23,1003.0039954915454,1471.5454755170424,1552.5325511946266,1420.3273163904719,3147.859568015624,1012.3806857402005,1478.5910866693491,1567.897309898412,1420.3273163904719,3170.1762361812234,999.0139248978445,1461.3242940475627,1526.629055261839,1408.7734859597779,3145.866999671073,1009.6375122070312,1477.2017822265625,1550.7596435546875,1418.932861328125,3167.287109375,13634916,11974174,8035026,8354596,1922875
2025-07-24,1016.3208076773761,1476.3086281822896,1556.1767861186595,1413.554298653669,3153.339291883696,1016.3208076773761,1477.3009711792895,1558.1466301517212,1417.3392306864348,3161.9071902624382,1001.7072110041944,1466.782159638216,1524.8562179010848,1390.4466381154343,3128.332460590057,1004.5999755859375,1472.0416259765625,1529.0914306640625,1397.3192138671875,3136.302734375,19107176,6700578,14169664,14740507,2934778
2025-07-25,1007.5,1488.5144734435703,1520.12860228797,1393.3351272649268,3128.3322940864455,1007.5,1488.5144734435703,1526.1366022975346,1395.4267490386208,3145.169399267611,999.5,1462.31659448384,1488.512630894258,1378.593953801798,3113.9858993305074,1002.2999877929688,1465.789794921875,1492.84619140625,1386.1636962890625,3124.14794921875,9306598,8696077,10851259,11854722,2568917
2025-07-28,1001.5,1465.7898930637602,1491.0734115180542,1386.7614543919697,3098.443785696339,1010.7000122070312,1482.3620946590604,1496.392014262957,1402.199795115413,3106.4140591000596,1000.25,1465.7898930637602,1460.14683725966,1379.490445288333,3058.4926929668136,1004.25,1477.00341796875,1493.1417236328125,1382.080078125,3067.85791015625,12059580,7507479,6439855,7748361,3374473
2025-07-29,999.9500122070312,1468.5685019046516,1490.0884773327002,1377.4984422704579,3048.629668071008,1013.25,1478.3927223132807,1494.3235696797126,1414.550412474214,3062.5776469445354,998.1500244140625,1464.1029581857863,1473.5417400906863,1377.4984422704579,3029.8994763655814,1010.7999877929688,1474.8201904296875,1490.8763427734375,1411.4627685546875,3044.64453125,19895696,9776027,7070448,10750072,4785312
2025-07-30,1014.0,1476.308661728485,1496.9830114866083,1412.458776601272,3048.6295393197033,1016.2999877929688,1477.1025845983731,1498.7557989957106,1417.6381639620695,3057.5960967882907,1008.5,1465.9883912336757,1483.2925712781332,1395.7256799199,3035.877053384358,1012.9000244140625,1471.04931640625,1496.0965576171875,1404.4906005859375,3042.25341796875,15154036,7238625,5719051,7209849,2880121
2025-07-31,1007.2999877929688,1458.6450618514623,1486.936711768862,1382.5780559389787,3030.3975643658264,1015.7000122070312,1483.0566764606926,1504.0743788045277,1397.0203743336986,3048.430405452322,1004.0,1452.7902136757805,1474.428250322285,1376.7015020683227,3003.796825207198,1009.0999755859375,1470.0570068359375,1486.247314453125,1384.669677734375,3025.515869140625,22183032,12406146,6851407,17065827,2968371
2025-08-01,1007.0,1469.0645758820863,1471.3749358302919,1381.3828853186424,3018.64125499041,1014.1500244140625,1473.7285394467383,1476.1024890867666,1400.3073026227253,3025.515761579588,1004.6500244140625,1458.5457644921182,1443.4031282013243,1378.7932525308158,2988.8524561376125,1006.0999755859375,1460.3319091796875,1447.4412841796875,1388.15576171875,2991.84130859375,11317258,4416771,8702978,10321171,2053847
2025-08-04,1005.0499877929688,1465.492177404952,1439.4634841975633,1389.5502251510159,2997.9189099713494,1009.25,1467.4768633867377,1460.4423706154291,1410.466686507784,3067.957495262713,994.0499877929688,1450.1108610461113,1429.1218033326475,1386.1637261382157,2980.483936317478,996.0,1451.9962158203125,1458.177001953125,1405.885009765625,3062.97607421875,13933946,6140054,8610216,6312820,2519252
2025-08-05,993.25,1441.8743352750153,1456.4040844682859,1405.38696851784,3062.9761210710876,997.2000122070312,1450.3092505192255,1456.4040844682859,1405.38696851784,3066.064699458969,982.75,1429.96621963613,1433.0614816224124,1382.5780415934858,3030.696609505827,988.7999877929688,1433.3402099609375,1438.2816162109375,1386.1636962890625,3052.51513671875,23978058,14799343,10213323,9315972,1927996
2025-08-06,985.5499877929688,1431.2564134495642,1430.1067078263497,1386.3630773472378,3051.618345400808,994.0,1442.866778550362,1434.14486387826,1390.3471654369864,3055.40427380999,985.0,1430.561700640964,1408.7339490588547,1377.797312271222,3014.75583192388,992.6500244140625,1432.54638671875,1415.037353515625,1387.259521484375,3021.032470703125,14080204,7805252,10566934,5834312,1487081
2025-08-07,990.0499877929688,1430.0655302659995,1408.4383894942564,1382.1796145349972,3004.793168100796,1000.7999877929688,1436.8135113901221,1420.2574529025999,1388.1557462486337,3040.2609831608825,988.4000244140625,1418.1574137897542,1392.876574581379,1360.5659868045632,2999.7120213520734,997.7000122070312,1429.271728515625,1415.234375,1383.8729248046875,3035.677978515625,13081186,7432535,9892020,9976705,2543076
2025-08-08,993.5499877929688,1434.8288259088201,1403.5138318764698,1379.4904158119157,3036.7739069952254,996.4000244140625,1436.5157606227415,1411.590144080286,1391.6418351007062,3048.4303832570085,985.0,1421.0352334242946,1395.7329241309972,1359.569976594415,3013.759645138969,986.9500122070312,1424.9053955078125,1401.6424560546875,1362.35888671875,3025.1171875,13895264,5415511,10048009,8793606,2762140
2025-08-11,987.9500122070312,1416.9666396615337,1398.4907470266712,1364.5501609316866,3025.117180240026,998.7999877929688,1427.3862414978396,1411.7871937906966,1382.4785572067015,3038.567016640599,986.5499877929688,1409.5240669213151,1392.6796832838538,1355.7851185633474,3010.073435095005,997.7999877929688,1425.5999755859375,1406.66552734375,1380.6856689453125,3029.5009765625,9105854,8492484,6625368,9997486,1884215
2025-08-12,995.9500122070312,1431.0,1406.6655976905836,1376.4028464986861,3029.700138212843,998.0,1433.800048828125,1419.2726477892124,1396.3232867936674,3084.8941835228848,983.75,1420.0999755859375,1399.5742071536924,1369.7294260490362,3015.652434227984,984.9500122070312,1422.0,1402.62744140625,1374.9088134765625,3024.120849609375,12937802,5913947,9899184,12244664,3358232
2025-08-13,997.0,1424.5999755859375,1403.5138705026145,1382.4785186353236,3024.8184862723915,997.0,1427.699951171875,1412.3781686321047,1386.2634508216695,3033.087450352522,984.5499877929688,1415.199951171875,1400.953097311154,1372.0202877666845,3017.3463549468943,990.1500244140625,1420.800048828125,1405.0897216796875,1377.0999755859375,3024.91796875,13577396,9009465,10318063,7457021,2148166
2025-08-14,989.0,1412.0,1404.6956380205245,1377.300048828125,3022.726300858826,998.0,1431.0999755859375,1447.835267553816,1380.699951171875,3044.544827820162,985.5999755859375,1412.0,1404.6956380205245,1370.0999755859375,3007.881763385299,995.5499877929688,1427.300048828125,1425.8714599609375,1373.800048828125,3011.06982421875,17511716,7577793,12902347,7126128,3342174
2025-08-18,1005.0,1450.0,1442.6151494914589,1390.0,3035.179867843642,1013.2999877929688,1452.4000244140625,1442.6151494914589,1394.9000244140625,3037.67057838676,997.7999877929688,1431.0,1408.0444126749926,1377.0,2992.2399207869066,1001.7999877929688,1434.5999755859375,1414.1510009765625,1381.699951171875,3000.010986328125,19284796,6908844,7254561,11785109,2945609
2025-08-19,999.1500244140625,1431.0999755859375,1411.0977408332749,1390.0,3000.0110105142285,1003.0499877929688,1438.5,1427.5460108318366,1421.0,3013.7597814697733,993.3499755859375,1426.300048828125,1411.0977408332749,1389.0999755859375,2999.911528031773,995.5499877929688,1436.300048828125,1418.2877197265625,1420.0999755859375,3004.992431640625,12352438,6709554,3986094,14384719,2650784
2025-08-20,993.5,1432.5999755859375,1418.9770874002822,1413.0,2999.7118666132724,996.0,1435.9000244140625,1476.3980885005715,1424.9000244140625,3091.868151000454,989.5,1423.0,1418.9770874002822,1410.0,2999.7118666132724,994.0999755859375,1430.5999755859375,1473.6402587890625,1413.0,3087.086181640625,9950228,5817858,10413061,8725641,4952358
2025-08-21,998.75,1440.0999755859375,1485.262351237006,1425.0,3118.3696236696637,998.75,1447.800048828125,1485.262351237006,1431.9000244140625,3118.3696236696637,991.5999755859375,1436.4000244140625,1461.9197483180794,1420.300048828125,3071.6439908192406,995.5999755859375,1446.0,1473.8372802734375,1424.800048828125,3091.071533203125,12439850,6238645,6565539,11021323,3230726
2025-08-22,994.9500122070312,1444.300048828125,1475.5115598317454,1420.0,3074.5329489117757,998.0,1446.0,1481.6181481033814,1423.4000244140625,3084.1968567150047,978.5499877929688,1429.4000244140625,1463.6924963469764,1407.9000244140625,3038.666718788372,982.2999877929688,1436.4000244140625,1465.0714111328125,1409.199951171875,3042.65185546875,19833502,6657207,5543397,5818868,1593791
2025-08-25,980.0999755859375,1435.9000244140625,1483.981859694785,1414.699951171875,3075.8281806328096,988.7000122070312,1435.9000244140625,1515.7948868943363,1419.5,3140.2877180773667,978.5,1424.0,1483.981859694785,1405.699951171875,3065.666130699425,982.0499877929688,1433.199951171875,1508.9989013671875,1412.5999755859375,3128.93017578125,17518044,6738427,10694531,5979407,3448370
2025-08-26,979.5,1427.9000244140625,1500.03616013844,1408.0,3117.373339366996,985.7000122070312,1427.9000244140625,1515.2039825206518,1410.0,3150.2507187850565,968.0,1413.0999755859375,1495.7024794249892,1381.5999755859375,3108.4067813438887,973.4000244140625,1416.5999755859375,1506.53662109375,1384.9000244140625,3145.468505859375,16917731,8720155,15994798,12145259,5522097
2025-08-28,967.0,1408.0,1506.5366438633127,1389.9000244140625,3133.313773226287,972.2000122070312,1411.800048828125,1506.5366438633127,1392.199951171875,3134.808199509225,955.0,1396.300048828125,1475.413133190423,1366.5,3075.0311481917124,957.7999877929688,1399.0999755859375,1477.4814453125,1385.9000244140625,3082.204345703125,25438255,12990789,5443364,13161813,3116051
2025-08-29,954.0,1392.0999755859375,1479.254311487481,1381.0999755859375,3081.507000394383,963.2999877929688,1405.0,1479.254311487481,1403.5,3103.425252579535,950.0999755859375,1392.0999755859375,1445.5699084151588,1350.0,3065.7656615419933,951.5999755859375,1397.800048828125,1447.4412841796875,1357.199951171875,3073.23779296875,14823813,8519507,8169075,18758842,2271789
2025-09-01,949.5999755859375,1398.0999755859375,1454.4343120627393,1356.0,3078.518060334719,957.4500122070312,1412.4000244140625,1480.7318023736236,1363.199951171875,3119.4654366830314,946.3499755859375,1398.0999755859375,1453.941851048263,1340.5999755859375,3078.518060334719,950.5999755859375,1411.0,1476.7921142578125,1353.9000244140625,3101.0341796875,20178344,4927348,4546057,11232238,1246862
2025-09-02,951.0,1413.9000244140625,1476.7920565936874,1354.800048828125,3109.5026578628494,954.7999877929688,1413.9000244140625,1489.9900353122632,1384.5,3143.2765943406766,944.0,1390.0,1463.8896025641538,1354.5,3091.569542586104,944.5,1394.199951171875,1476.1025390625,1366.5,3099.938232421875,14196320,7163073,5218763,11517006,2185229
2025-09-03,945.0,1389.0,1477.3829894013984,1369.699951171875,3118.2697443758125,956.2999877929688,1400.0,1479.2543652339205,1376.5,3130.2251544847713,940.0,1384.199951171875,1450.7900955921732,1360.5,3076.5255347054076,954.4500122070312,1397.0,1456.798095703125,1372.5999755859375,3085.990234375,16083481,9813382,4623483,7847563,1799774
2025-09-04,960.2000122070312,1409.9000244140625,1461.6242804276317,1371.800048828125,3104.421639864457,965.7000122070312,1415.0999755859375,1461.6242804276317,1374.0,3106.414208311097,956.25,1401.9000244140625,1438.0846200594328,1357.0999755859375,3079.3153260834893,961.25,1405.5,1440.94091796875,1359.300048828125,3084.197021484375,17597657,10564859,5787724,13223177,1481391
2025-09-05,967.5,1411.0,1447.835279098319,1363.0,3085.5918616420554,967.5,1411.5,1450.4945202945664,1381.0,3091.868257451282,954.0499877929688,1387.699951171875,1411.3931666312185,1359.300048828125,3017.3463946381216,963.4000244140625,1402.800048828125,1422.8182373046875,1375.0,3036.97314453125,11602111,6621077,5466487,5777575,2802055
2025-09-08,969.0,1402.199951171875,1429.1218644887508,1380.0,3038.666792443431,973.1500244140625,1410.5999755859375,1436.0163186937275,1386.0,3053.5113296442846,960.4500122070312,1397.5999755859375,1406.7641825159365,1372.4000244140625,3004.7931298391436,966.0,1402.699951171875,1411.2947998046875,1378.5,3007.781982421875,11711307,5880943,3811567,6986720,2626187
2025-09-09,974.0,1399.0,1458.6694341238242,1376.5999755859375,3020.833326119296,974.4000244140625,1407.5,1484.474341584966,1381.199951171875,3048.6295571410296,962.7000122070312,1395.199951171875,1450.297597398603,1368.699951171875,3019.538108052908,965.1500244140625,1403.699951171875,1481.6181640625,1376.199951171875,3038.06884765625,13985539,6470679,13072640,9754452,2489301
2025-09-10,973.9000244140625,1410.0,1487.330709756259,1383.9000244140625,3045.0429174900823,973.9000244140625,1413.699951171875,1511.756823802922,1388.5,3111.0966082909868,961.7000122070312,1402.0999755859375,1486.5428442826578,1374.0999755859375,3042.0540649039185,965.9000244140625,1403.9000244140625,1509.491455078125,1377.0,3098.44384765625,18091100,7452347,7281071,7790815,2079428
2025-09-11,960.2999877929688,1398.0,1500.922609577238,1376.0,3127.336119333051,969.25,1408.0,1504.4683046125388,1385.5,3127.336119333051,959.9000244140625,1396.0,1483.7849433052634,1375.0,3098.5436031034214,967.7999877929688,1401.5999755859375,1486.9366455078125,1383.300048828125,3112.591064453125,15113633,10192026,8003662,9766072,2263446
2025-09-12,969.9000244140625,1405.0999755859375,1513.8250582606502,1383.300048828125,3132.3175458217547,970.75,1419.699951171875,1519.6361218926327,1396.300048828125,3137.0000329464906,962.25,1400.0999755859375,1498.1647749913177,1380.5,3109.4030090679694,967.2999877929688,1417.699951171875,1502.596923828125,1395.0,3121.7568359375,14363519,7770038,12856963,7403368,1447167
2025-09-15,969.5999755859375,1422.0,1502.5969824151846,1393.0,3122.3546477883615,972.3499755859375,1426.800048828125,1504.4683582651935,1400.800048828125,3122.3546477883615,965.0,1416.300048828125,1478.5648615170796,1388.5999755859375,3084.4958486128803,967.0499877929688,1419.4000244140625,1485.6563720703125,1399.300048828125,3100.336669921875,14486377,5845637,6167414,5396697,1732539
2025-09-16,961.2000122070312,1414.0,1485.656397411633,1404.699951171875,3116.377048374956,969.3499755859375,1424.9000244140625,1491.1719366717366,1408.0,3138.2953012727335,961.2000122070312,1413.699951171875,1480.8302554728903,1398.199951171875,3097.5473738607,966.8499755859375,1421.5999755859375,1488.5126953125,1405.300048828125,3134.01123046875,18661794,8213151,8923112,8686961,2573429
2025-09-17,965.1500244140625,1420.0999755859375,1494.028241371192,1407.0,3140.287738435889,974.4000244140625,1426.0999755859375,1503.680405062861,1416.199951171875,3170.5746802441777,964.3499755859375,1416.4000244140625,1491.1719434573272,1406.9000244140625,3130.7233130051436,966.5,1419.199951171875,1499.4453125,1413.800048828125,3161.010498046875,17361476,7484283,4795698,7519417,2418271
2025-09-18,973.2999877929688,1431.0999755859375,1526.6291407021617,1420.4000244140625,3173.1652036699406,979.6500244140625,1432.800048828125,1531.5537508334592,1422.0,3191.0983194206656,969.25,1415.300048828125,1515.302537400178,1410.699951171875,3149.652799058944,976.9000244140625,1421.699951171875,1517.370849609375,1415.0,3164.89599609375,17791598,8130537,9331945,9332642,2633138
2025-09-19,974.9000244140625,1416.0999755859375,1521.3104874589542,1414.9000244140625,3158.220904129198,976.7000122070312,1418.0,1527.9095369547413,1417.0,3168.681888196503,962.0999755859375,1400.199951171875,1497.179898612735,1403.5999755859375,3132.3175150101574,966.9000244140625,1402.199951171875,1516.976806640625,1407.4000244140625,3157.423828125,31243267,13457344,12988129,13461373,4901694
2025-09-22,964.0,1403.9000244140625,1460.3437656419162,1403.9000244140625,3083.499594330073,971.2000122070312,1409.9000244140625,1491.8612688721596,1410.699951171875,3095.355278998739,961.9500122070312,1397.199951171875,1459.6543683506482,1388.0,3053.6110683753386,964.2000122070312,1401.5,1476.8905029296875,1390.5999755859375,3062.37841796875,10854415,8847948,15655204,7757970,3634901
2025-09-23,967.0,1391.0,1470.4885054191882,1391.0,3058.592364705798,968.2000122070312,1403.300048828125,1490.186944875574,1395.0,3069.252556548476,955.5,1391.0,1470.4885054191882,1376.800048828125,3040.6592498638747,957.2000122070312,1394.300048828125,1474.920654296875,1389.800048828125,3051.0205078125,21022298,12827524,9832164,14014702,3177741
2025-09-24,952.2000122070312,1386.4000244140625,1464.7758845360097,1385.300048828125,3038.666695675492,956.4500122070312,1390.9000244140625,1474.1326431158677,1396.0,3045.640684813108,943.0,1376.5,1460.3437357350242,1380.4000244140625,3021.7298649127106,951.0499877929688,1382.699951171875,1472.0643310546875,1383.0,3024.120849609375,15117220,9735678,4937004,5922759,1625714
2025-09-25,952.5,1377.0,1466.5488557470633,1381.300048828125,3010.7706978406754,958.0,1391.5,1480.04223903444,1384.5,3018.3425546653493,947.4000244140625,1371.800048828125,1454.2373307659764,1369.0,2940.03452327195,949.8499755859375,1375.800048828125,1462.4122314453125,1372.4000244140625,2946.41064453125,31413279,21613389,9491867,11411143,4974361
2025-09-26,945.0999755859375,1368.0,1452.7599061754568,1372.0,2930.07184762513,951.4500122070312,1372.699951171875,1456.404069373631,1382.699951171875,2943.820618304199,941.2999877929688,1357.0,1419.4694954878144,1366.0,2880.5565712711505,945.0499877929688,1359.5999755859375,1427.053466796875,1377.5999755859375,2888.32763671875,14874656,18342280,8597058,9879109,3934636
2025-09-29,946.0499877929688,1359.5999755859375,1437.9860786678707,1381.5999755859375,2905.164580331207,956.7999877929688,1366.5,1442.9106885263222,1389.0,2918.4152081680195,939.0999755859375,1346.199951171875,1414.8404123331482,1368.0,2883.2463290392707,950.2999877929688,1348.0999755859375,1420.060546875,1372.800048828125,2885.338623046875,32398179,20563163,10513117,14231999,3110035
2025-09-30,958.0499877929688,1353.699951171875,1421.2424051491353,1377.0999755859375,2900.183356935398,960.0,1356.5999755859375,1430.303639196793,1377.0999755859375,2904.467427717032,946.2999877929688,1342.5999755859375,1416.416263441906,1362.800048828125,2874.379692997371,951.0,1348.0,1420.060546875,1364.0,2877.667236328125,28296687,20166871,7556305,14604684,2253458
2025-10-01,952.7000122070312,1348.0,1424.197180444367,1367.0,2880.257593329001,969.5999755859375,1379.4000244140625,1427.6444073679875,1378.5999755859375,2913.932047598146,946.0,1347.0999755859375,1405.877655696216,1362.699951171875,2855.9483563860495,965.25,1372.0,1424.000244140625,1368.699951171875,2903.371337890625,25350832,20952632,6250692,12045916,1952902
2025-10-03,952.0,1371.9000244140625,1417.3027030735375,1363.199951171875,2913.134920868619,966.75,1371.9000244140625,1426.4625254104503,1371.5999755859375,2913.134920868619,952.0,1361.300048828125,1411.5901076030302,1356.9000244140625,2880.3572688813597,965.1500244140625,1365.199951171875,1424.7880859375,1363.4000244140625,2891.116943359375,26658296,12163695,6877533,12842347,2899519
2025-10-06,971.9000244140625,1371.0,1424.7881421800753,1360.0,2891.2167953135195,977.4000244140625,1372.5999755859375,1456.5027027407555,1377.4000244140625,2982.476526807699,962.0,1359.0999755859375,1420.5530497148675,1359.0,2884.840673623438,973.4500122070312,1363.4000244140625,1453.744873046875,1375.0,2977.295654296875,18542683,14314283,4630590,12396580,2112774
2025-10-07,974.0,1363.5999755859375,1455.4191203786977,1376.0,2983.87104765697,989.8499755859375,1383.0999755859375,1460.5407866669368,1395.9000244140625,2993.335747140356,971.0,1363.5999755859375,1432.0765182081868,1375.9000244140625,2944.517823489207,982.5,1375.9000244140625,1436.5086669921875,1384.800048828125,2962.650146484375,25535736,16126464,5570320,11244040,3062943
2025-10-08,976.0,1372.300048828125,1435.0313384295307,1384.800048828125,2963.9454305531126,985.9000244140625,1381.5999755859375,1475.4131399913774,1389.0,3031.692754680041,974.5499877929688,1364.300048828125,1433.061494450904,1364.5,2956.9714413047523,978.7000122070312,1370.300048828125,1472.4583740234375,1367.4000244140625,3015.951416015625,15939710,8100832,4657192,8525081,4121889
2025-10-09,974.5,1369.800048828125,1479.352867871771,1374.0,3022.726218895035,979.0,1378.699951171875,1491.171932062491,1380.0,3054.6073128319636,970.1500244140625,1365.0999755859375,1464.5790376333712,1369.0999755859375,3008.7782402976286,977.0999755859375,1376.199951171875,1486.5428466796875,1377.800048828125,3050.3232421875,15370950,7909575,7028753,8826633,3211304
2025-10-10,979.0,1370.300048828125,1487.2322078030077,1377.800048828125,3038.666680855733,986.2000122070312,1385.0,1498.755747016607,1388.0,3058.5923640088854,978.0999755859375,1370.300048828125,1476.2011295853695,1375.0999755859375,2995.726736367315,980.9000244140625,1380.300048828125,1492.058349609375,1381.699951171875,3017.04736328125,13757080,7673816,3738353,6373084,8817365
2025-10-13,974.2999877929688,1373.0999755859375,1474.4281763502415,1376.9000244140625,3015.7523552483212,981.0,1386.4000244140625,1482.0120273618204,1377.699951171875,3024.220771178156,972.0,1373.0999755859375,1461.0332617199265,1367.800048828125,2987.059320862895,977.0,1379.4000244140625,1470.6854248046875,1375.0,2996.02587890625,18634254,8923018,5859355,7600682,2866865
2025-10-14,970.0,1389.0,1476.3980688327763,1380.0,3009.774448720779,980.4500122070312,1389.0,1491.5658915845438,1388.0,3015.9513618688843,967.0,1375.0999755859375,1464.0865439092208,1370.0999755859375,2944.5178362112756,977.1500244140625,1384.0999755859375,1467.435302734375,1375.9000244140625,2949.300048828125,22934382,10610855,5600789,9768174,3611416
2025-10-15,975.0,1386.5,1461.5258266826634,1383.0,2971.0,984.9000244140625,1400.4000244140625,1466.1549121391147,1384.0,2979.699951171875,973.3499755859375,1385.5,1445.373081319078,1372.699951171875,2951.0,978.25,1398.4000244140625,1452.1690673828125,1374.300048828125,2969.800048828125,23310447,8988550,6986098,10882743,4282226
2025-10-16,982.6500244140625,1401.0,1451.6765810210527,1375.0999755859375,2969.89990234375,996.5999755859375,1418.9000244140625,1452.267510183725,1400.5,2975.0,981.5,1399.4000244140625,1438.478601982591,1375.0,2943.10009765625,994.3499755859375,1417.300048828125,1449.312744140625,1398.300048828125,2970.699951171875,22936566,12185032,8005748,12315932,3251495
2025-10-17,993.9500122070312,1412.0,1432.9630656678505,1401.0,2970.0,1009.0,1439.5999755859375,1436.410292725158,1423.300048828125,2988.800048828125,986.0,1410.9000244140625,1412.3781714796953,1399.0999755859375,2955.39990234375,1002.5499877929688,1436.5999755859375,1419.37109375,1416.800048828125,2962.199951171875,25210511,17037215,16959378,19335561,4374683
2025-10-20,997.0,1442.0,1431.781048131079,1440.0,2985.5,1020.0,1445.0,1444.8805586841174,1473.800048828125,3023.0,997.0,1389.199951171875,1428.136884861602,1433.300048828125,2978.5,1002.9500122070312,1390.300048828125,1438.87255859375,1466.800048828125,3015.199951171875,22195202,23330227,6994246,24721978,3133039
2025-10-21,1006.0,1384.5,1455.7147580634262,1468.0,3031.10009765625,1010.0,1387.5999755859375,1463.5941342911037,1474.0,3031.800048828125,1004.0,1375.9000244140625,1447.8353818357486,1460.0,2996.0,1007.7000122070312,1382.0,1450.19921875,1465.199951171875,3006.699951171875,3471600,3415560,1698704,2066169,310644
2025-10-23,1016.0,1385.0,1487.2321904325627,1475.0,3055.0,1020.5,1389.800048828125,1522.6893817276436,1482.9000244140625,3098.0,1006.0,1360.0999755859375,1483.292502510887,1444.5999755859375,3036.10009765625,1008.7999877929688,1363.699951171875,1505.4532470703125,1448.4000244140625,3073.199951171875,43526526,21124942,20358624,18707090,5564758
2025-10-24,1011.0,1368.0999755859375,1516.2874003977408,1450.0,3080.0,1011.9500122070312,1381.5999755859375,1519.7346273554492,1459.800048828125,3090.0,991.2999877929688,1368.0999755859375,1495.111577657532,1441.0,3058.300048828125,994.75,1377.699951171875,1502.4000244140625,1451.5999755859375,3063.199951171875,17707768,10570263,8652257,9700837,2684318
2025-10-27,996.5,1382.0999755859375,1510.0,1463.0,3066.5,1009.0499877929688,1386.800048828125,1515.300048828125,1485.0,3094.199951171875,996.2000122070312,1374.0,1498.0999755859375,1458.0,3060.199951171875,1002.9500122070312,1377.5999755859375,1504.5,1484.0999755859375,3084.89990234375,15700796,11499836,7273211,14113867,1946312
2025-10-28,997.6500244140625,1373.0,1499.699951171875,1484.0999755859375,3076.0,1008.0,1375.800048828125,1506.5,1492.0,3090.199951171875,995.0,1356.199951171875,1490.5,1477.5999755859375,3040.199951171875,1003.5499877929688,1363.0999755859375,1500.199951171875,1486.9000244140625,3057.89990234375,33904289,26477914,8211019,17631577,3470737
2025-10-29,1004.9000244140625,1364.5999755859375,1500.199951171875,1490.0,3057.89990234375,1012.5,1371.699951171875,1520.199951171875,1508.300048828125,3076.0,1000.0,1358.4000244140625,1496.9000244140625,1488.0999755859375,3046.10009765625,1007.8499755859375,1370.4000244140625,1510.4000244140625,1504.199951171875,3057.60009765625,17769445,16129382,4884976,11884745,2895420
2025-10-30,1000.0,1362.4000244140625,1507.0,1500.0,3049.10009765625,1009.5,1370.199951171875,1508.199951171875,1503.0999755859375,3063.800048828125,997.0999755859375,1361.300048828125,1489.0999755859375,1484.0,3032.800048828125,998.1500244140625,1362.4000244140625,1493.800048828125,1488.5,3035.300048828125,19962917,9324401,5608867,9318663,2241536
2025-10-31,994.0,1357.0,1490.0,1490.4000244140625,3035.0,1004.4500122070312,1362.0,1497.0999755859375,1497.5,3067.39990234375,981.1500244140625,1343.300048828125,1480.699951171875,1482.300048828125,3025.10009765625,987.2999877929688,1345.300048828125,1482.300048828125,1486.4000244140625,3058.0,23221330,15926798,4819814,8758053,1868085
2025-11-03,985.0,1340.5,1482.300048828125,1486.0,3046.89990234375,994.5499877929688,1351.5999755859375,1491.4000244140625,1495.0,3058.0,983.2999877929688,1337.9000244140625,1474.199951171875,1479.300048828125,3010.0,992.6500244140625,1346.4000244140625,1485.5,1484.699951171875,3016.800048828125,16607180,11071450,5470600,8452085,2194877
2025-11-04,987.0,1342.5999755859375,1479.699951171875,1483.9000244140625,3019.60009765625,997.0,1349.800048828125,1481.9000244140625,1492.800048828125,3029.300048828125,983.7000122070312,1333.199951171875,1462.9000244140625,1470.0999755859375,2976.0,985.25,1336.9000244140625,1467.9000244140625,1473.0999755859375,2990.199951171875,20024544,15211183,8691330,10007806,2670720
2025-11-05,985.25,1336.9000244140625,1467.9000244140625,1473.0999755859375,2990.199951171875,985.25,1336.9000244140625,1467.9000244140625,1473.0999755859375,2990.199951171875,985.25,1336.9000244140625,1467.9000244140625,1473.0999755859375,2990.199951171875,985.25,1336.9000244140625,1467.9000244140625,1473.0999755859375,2990.199951171875,0,0,0,0,0
2025-11-06,981.0,1330.0,1478.5999755859375,1484.0,2990.10009765625,991.0499877929688,1342.199951171875,1483.0,1501.5999755859375,3024.0,974.0,1317.4000244140625,1461.9000244140625,1476.199951171875,2990.0,984.6500244140625,1320.4000244140625,1466.699951171875,1496.0999755859375,3010.89990234375,22279516,24221853,7944752,16772678,2542721
2025-11-07,980.0,1320.4000244140625,1470.0,1494.5999755859375,3001.0,984.9000244140625,1344.300048828125,1480.9000244140625,1498.4000244140625,3004.0,974.75,1318.5999755859375,1449.0999755859375,1475.9000244140625,2960.5,982.2999877929688,1343.0,1476.800048828125,1478.0,2991.800048828125,15004568,7719245,8765759,7821765,1830520
2025-11-10,982.2999877929688,1342.9000244140625,1490.0999755859375,1477.9000244140625,2993.0,990.9500122070312,1349.5999755859375,1520.0,1501.0,3047.89990234375,980.2000122070312,1341.0,1490.0,1475.5,2992.0,984.5,1348.0,1513.5,1489.300048828125,3025.199951171875,15988262,8542340,9787975,7068438,1556656
2025-11-11,983.5,1349.0,1525.0,1497.0,3045.0,993.5,1360.4000244140625,1533.4000244140625,1498.800048828125,3055.699951171875,978.0,1346.199951171875,1511.0999755859375,1480.199951171875,3018.0,991.7000122070312,1358.300048828125,1530.300048828125,1493.4000244140625,3047.0,10200530,8305184,13692989,7127506,2806868
2025-11-12,998.7999877929688,1370.0,1540.0,1505.0,3060.0,999.0,1370.0,1559.199951171875,1524.699951171875,3136.39990234375,987.7000122070312,1355.4000244140625,1538.0999755859375,1500.0,3057.10009765625,989.5,1358.9000244140625,1551.699951171875,1511.5,3131.800048828125,13137263,9736761,14635417,12384459,4460315
2025-11-13,984.0,1358.9000244140625,1557.0999755859375,1515.0,3131.800048828125,990.0999755859375,1390.4000244140625,1557.5,1522.0999755859375,3131.89990234375,982.5999755859375,1358.5,1530.300048828125,1506.800048828125,3102.0,986.6500244140625,1385.9000244140625,1541.800048828125,1510.9000244140625,3105.699951171875,14124839,18296626,19655689,7196443,1740435
2025-11-14,976.0499877929688,1374.0,1520.0,1505.5,3090.0,991.6500244140625,1381.199951171875,1530.0,1520.9000244140625,3113.10009765625,976.0499877929688,1363.199951171875,1488.800048828125,1505.5,3077.300048828125,989.5999755859375,1373.0,1502.800048828125,1518.9000244140625,3106.0,21386965,9694498,9739549,7682823,2210794
2025-11-17,991.25,1375.0999755859375,1496.0,1520.9000244140625,3106.0,997.9500122070312,1382.5,1510.199951171875,1523.699951171875,3123.5,985.5999755859375,1373.5999755859375,1492.5,1511.5,3086.60009765625,996.5499877929688,1379.0,1507.5999755859375,1518.300048828125,3102.199951171875,18396408,7660717,7910354,5871416,2232853
2025-11-18,997.6500244140625,1380.199951171875,1506.0,1521.699951171875,3102.0,999.0,1382.800048828125,1506.0,1527.800048828125,3105.0,990.0,1369.0999755859375,1483.199951171875,1510.5,3078.0,992.4500122070312,1373.4000244140625,1486.4000244140625,1519.4000244140625,3087.10009765625,20002640,9529560,7525119,11045042,2548350
2025-11-19,990.0,1373.5,1490.5,1517.4000244140625,3097.0,996.5499877929688,1384.0,1543.0,1522.300048828125,3155.0,984.0,1371.5999755859375,1490.5,1512.0,3083.5,994.5999755859375,1383.0999755859375,1541.0999755859375,1518.9000244140625,3147.699951171875,19813847,10393918,10981126,5692366,3151053
2025-11-20,995.2999877929688,1380.0999755859375,1555.0,1530.0,3148.0,1011.5999755859375,1388.300048828125,1555.0,1550.9000244140625,3164.5,992.4500122070312,1375.4000244140625,1534.0,1526.699951171875,3138.10009765625,1008.8499755859375,1383.0,1536.5,1549.0999755859375,3144.800048828125,19850865,10131863,7387584,18171724,2700767
2025-11-21,1003.0999755859375,1373.0,1531.0,1541.0,3144.800048828125,1008.2999877929688,1376.0,1551.5,1557.800048828125,3170.0,996.5499877929688,1364.5999755859375,1526.300048828125,1540.0999755859375,3135.199951171875,998.0499877929688,1369.5,1545.0,1546.5999755859375,3150.60009765625,17499897,11483595,9186302,9615271,4177037
2025-11-24,1000.0,1373.300048828125,1563.5999755859375,1550.0,3158.0,1011.4500122070312,1377.0,1585.0,1550.0,3178.89990234375,993.5999755859375,1361.5,1541.0,1531.800048828125,3131.0,999.1500244140625,1368.4000244140625,1548.0,1535.9000244140625,3141.199951171875,32204053,15896003,19270381,18433951,6703764
2025-11-25,1004.0,1365.0,1549.0,1535.9000244140625,3145.300048828125,1006.0999755859375,1376.9000244140625,1550.5999755859375,1559.5999755859375,3149.800048828125,988.4000244140625,1354.300048828125,1525.9000244140625,1525.0999755859375,3115.0,989.7999877929688,1357.800048828125,1530.5999755859375,1539.699951171875,3119.199951171875,24989383,12235000,8107952,15033482,2737920
2025-11-26,981.2999877929688,1360.0,1532.0999755859375,1542.300048828125,3118.800048828125,1006.9500122070312,1377.0,1560.300048828125,1571.5999755859375,3178.0,981.2999877929688,1359.9000244140625,1532.0999755859375,1540.5,3117.0,1003.9000244140625,1375.0,1557.9000244140625,1569.9000244140625,3162.89990234375,19494356,9659004,7575038,14054299,2508527
2025-11-27,1002.0999755859375,1379.0,1564.0,1575.0,3180.0,1016.7999877929688,1394.0,1574.300048828125,1575.5,3180.0,1001.0,1375.699951171875,1552.199951171875,1556.0,3125.0,1009.5,1392.199951171875,1566.4000244140625,1563.4000244140625,3136.60009765625,25536848,15158741,7552252,9794643,2836233
2025-11-28,1007.0,1392.0,1565.0,1568.0,3140.0,1012.0499877929688,1398.5,1568.4000244140625,1581.300048828125,3147.300048828125,1004.2000122070312,1385.5999755859375,1557.0,1563.0,3125.0,1007.5999755859375,1388.800048828125,1560.0999755859375,1567.5,3137.5,15988807,7683986,4453221,8959508,1616690
2025-12-01,1017.5,1394.0,1562.5,1575.0,3137.89990234375,1017.5,1400.0,1574.0,1577.5,3154.0,999.2999877929688,1385.4000244140625,1556.0,1563.5999755859375,3122.199951171875,1002.0999755859375,1390.0999755859375,1564.0,1566.0999755859375,3133.39990234375,16746566,8867593,5341800,8920233,1747647
2025-12-02,988.0,1381.800048828125,1567.0,1561.0999755859375,3131.0,994.4000244140625,1381.800048828125,1579.9000244140625,1567.5,3144.0,985.0,1370.5999755859375,1556.0999755859375,1542.0,3120.39990234375,989.7999877929688,1373.0,1561.0,1546.300048828125,3135.699951171875,27316662,12126396,6335969,11389150,2512003
2025-12-03,986.0,1367.0,1555.0999755859375,1545.199951171875,3140.0,1002.2999877929688,1394.199951171875,1586.0,1552.4000244140625,3211.89990234375,986.0,1367.0,1554.0999755859375,1533.0,3139.0,1000.5,1391.5,1578.699951171875,1538.800048828125,3180.0,15448777,7955933,12895312,6090883,3952112
2025-12-04,1000.0,1387.0,1568.0,1536.0,3194.0,1004.7000122070312,1391.5999755859375,1599.0,1560.5,3250.0,993.0,1379.9000244140625,1568.0,1517.5999755859375,3187.39990234375,997.2000122070312,1386.699951171875,1597.5999755859375,1535.5999755859375,3229.199951171875,14528169,7373909,12609619,11867930,5025905
2025-12-05,992.0,1381.0,1610.0,1530.4000244140625,3230.0,1008.0,1395.300048828125,1631.800048828125,1545.800048828125,3271.60009765625,990.2000122070312,1381.0,1600.0,1520.5999755859375,3222.39990234375,1003.2999877929688,1392.5,1616.199951171875,1540.5999755859375,3238.199951171875,12843366,4942638,10344725,10183266,5244013
2025-12-08,1000.0,1387.0,1617.0999755859375,1539.199951171875,3243.0,1006.5,1394.9000244140625,1630.0,1551.0,3259.89990234375,997.5,1383.300048828125,1600.199951171875,1535.0,3208.60009765625,1003.0999755859375,1389.5999755859375,1610.800048828125,1543.0,3236.5,12901022,7826227,7550413,11301491,2544725
2025-12-09,994.9000244140625,1379.9000244140625,1601.199951171875,1540.300048828125,3230.0,1002.7999877929688,1384.300048828125,1606.9000244140625,1542.5,3233.699951171875,994.0,1373.4000244140625,1582.4000244140625,1520.0999755859375,3181.199951171875,997.0999755859375,1375.199951171875,1599.0,1529.4000244140625,3208.300048828125,15294322,10492030,6957599,11503971,2734893
2025-12-10,997.5,1377.9000244140625,1608.0,1534.0,3225.0,998.5,1379.4000244140625,1608.0,1547.5,3225.0,985.2999877929688,1357.9000244140625,1582.800048828125,1531.4000244140625,3178.10009765625,989.7999877929688,1363.5999755859375,1584.800048828125,1536.9000244140625,3189.199951171875,15322830,8725381,5116140,7991629,1386849
2025-12-11,990.0,1363.699951171875,1598.0,1536.9000244140625,3205.0,1002.7000122070312,1366.5999755859375,1607.4000244140625,1550.0,3208.39990234375,988.5,1352.800048828125,1580.5,1524.0,3153.10009765625,1000.2999877929688,1360.0,1598.0,1545.0,3191.89990234375,11844809,6734750,5159319,4706197,1914362
2025-12-12,1003.0,1368.0,1601.4000244140625,1550.800048828125,3197.699951171875,1004.7000122070312,1370.699951171875,1601.800048828125,1559.800048828125,3223.0,998.2000122070312,1363.300048828125,1582.5999755859375,1546.0999755859375,3185.699951171875,1001.5,1366.0,1598.199951171875,1556.5,3220.5,11988618,3890885,4633912,5106655,1146554
2025-12-15,992.0,1356.0999755859375,1585.0,1551.199951171875,3211.10009765625,1001.7999877929688,1370.0,1610.800048828125,1558.5999755859375,3238.199951171875,992.0,1356.0999755859375,1585.0,1546.5,3197.300048828125,996.0999755859375,1365.199951171875,1606.800048828125,1556.199951171875,3230.199951171875,9790060,5342530,4190558,5774543,1562190
2025-12-16,990.0999755859375,1364.0,1600.0,1545.0,3220.0,998.7000122070312,1368.699951171875,1603.0,1551.699951171875,3220.0,990.0999755859375,1355.5,1585.5999755859375,1538.800048828125,3191.10009765625,994.2999877929688,1366.0,1592.9000244140625,1542.300048828125,3205.10009765625,20049088,12359741,5499258,11731856,1734623
2025-12-17,996.0,1365.0,1587.199951171875,1550.0,3200.5,996.0,1365.0,1606.9000244140625,1550.0,3236.89990234375,980.7999877929688,1343.0999755859375,1586.0,1539.300048828125,3200.5,984.0,1352.4000244140625,1602.0,1544.4000244140625,3217.800048828125,19080922,9440391,4817628,7116649,1376350
2025-12-18,973.2999877929688,1346.300048828125,1610.5,1535.199951171875,3228.0,987.4000244140625,1369.5,1630.0,1551.5,3287.800048828125,973.2999877929688,1345.5,1606.699951171875,1535.199951171875,3221.0,979.7000122070312,1356.800048828125,1626.800048828125,1544.4000244140625,3280.800048828125,14912404,7314573,6577293,6580829,2307422
2025-12-19,987.0,1354.0,1650.0,1554.4000244140625,3299.0,988.0,1360.4000244140625,1654.9000244140625,1574.199951171875,3317.89990234375,978.7000122070312,1350.800048828125,1629.800048828125,1551.0,3278.800048828125,985.5,1354.0999755859375,1638.699951171875,1565.0999755859375,3282.0,25952384,14318512,13149023,13937275,3902511
2025-12-22,988.0,1358.0,1664.0,1573.5,3310.0,992.9000244140625,1371.300048828125,1693.199951171875,1577.5,3328.60009765625,983.9000244140625,1354.800048828125,1664.0,1565.300048828125,3291.0,987.7000122070312,1368.5,1689.5999755859375,1575.4000244140625,3324.89990234375,13540411,9375294,23098923,10184852,2632816
2025-12-23,990.5,1361.0999755859375,1679.0,1580.9000244140625,3319.89990234375,998.9000244140625,1365.0,1679.0,1580.9000244140625,3319.89990234375,987.7000122070312,1357.0,1656.4000244140625,1568.0999755859375,3293.5,996.5999755859375,1363.0,1668.300048828125,1570.699951171875,3310.0,17927849,9105467,6593060,7506564,2365420
2025-12-24,993.0,1363.800048828125,1661.0,1572.699951171875,3304.10009765625,999.4000244140625,1368.199951171875,1667.5999755859375,1575.699951171875,3327.10009765625,993.0,1357.5999755859375,1652.5,1553.5999755859375,3296.10009765625,997.2000122070312,1359.800048828125,1663.4000244140625,1558.199951171875,3319.0,13699996,8955140,4271167,8815745,1367708
2025-12-25,997.2000122070312,1359.800048828125,1663.4000244140625,1558.199951171875,3319.0,997.2000122070312,1359.800048828125,1663.4000244140625,1558.199951171875,3319.0,997.2000122070312,1359.800048828125,1663.4000244140625,1558.199951171875,3319.0,997.2000122070312,1359.800048828125,1663.4000244140625,1558.199951171875,3319.0,0,0,0,0,0
2025-12-26,996.0,1356.5,1663.4000244140625,1554.699951171875,3313.10009765625,997.2000122070312,1362.0,1668.800048828125,1561.0,3320.0,987.7000122070312,1348.5,1651.699951171875,1554.300048828125,3271.800048828125,992.0999755859375,1350.4000244140625,1656.0999755859375,1559.199951171875,3280.0,9360853,2812144,2006491,2311495,1176664
2025-12-29,993.0999755859375,1352.0999755859375,1658.0,1554.9000244140625,3280.0,997.4000244140625,1355.699951171875,1673.0999755859375,1558.0999755859375,3288.0,987.2000122070312,1341.5,1637.0999755859375,1543.5999755859375,3242.89990234375,991.7000122070312,1343.300048828125,1644.699951171875,1545.5999755859375,3251.5,13545749,6057201,4062817,5972105,2079473
2025-12-30,990.2000122070312,1343.300048828125,1647.0,1547.0,3250.0,995.0,1347.0999755859375,1647.9000244140625,1553.5999755859375,3267.5,982.2000122070312,1338.0999755859375,1616.800048828125,1537.800048828125,3239.5,990.9000244140625,1342.5,1621.5999755859375,1539.800048828125,3246.800048828125,33155849,18621277,9395937,8815884,2807593
